,dates,CA,TX,WI
0,2011-01-29,0.0,0.35,0.5
1,2011-01-30,1.75,1.55,0.05
2,2011-01-31,0.30000000000000004,1.0,5.95
3,2011-02-01,0.0,13.7,6.75
4,2011-02-02,0.0,0.05,8.35
5,2011-02-03,0.0,0.05,0.0
6,2011-02-04,0.0,1.2,0.6
7,2011-02-05,0.0,0.05,0.5
8,2011-02-06,0.0,1.2,2.3000000000000003
9,2011-02-07,0.0,1.05,0.35
10,2011-02-08,0.1,0.2,0.2
11,2011-02-09,0.0,6.6,0.0
12,2011-02-10,0.0,0.0,0.05
13,2011-02-11,0.0,0.0,0.65
14,2011-02-12,0.0,0.0,0.9
15,2011-02-13,0.0,0.0,0.7
16,2011-02-14,0.0,0.1,0.3
17,2011-02-15,0.1,0.5,0.65
18,2011-02-16,3.85,0.65,1.05
19,2011-02-17,0.05,0.55,4.25
20,2011-02-18,11.35,0.4,0.0
21,2011-02-19,28.2,1.3,0.0
22,2011-02-20,4.35,0.65,21.25
23,2011-02-21,0.0,0.5,14.05
24,2011-02-22,0.0,1.1500000000000001,1.85
25,2011-02-23,0.05,0.9,0.7
26,2011-02-24,0.55,2.05,0.1
27,2011-02-25,6.65,0.0,1.0
28,2011-02-26,38.8,0.7,4.550000000000001
29,2011-02-27,2.1,0.1,0.25
30,2011-02-28,0.0,0.35,2.15
31,2011-03-01,0.0,0.0,0.1
32,2011-03-02,0.0,0.0,0.0
33,2011-03-03,0.0,0.30000000000000004,0.6
34,2011-03-04,0.05,1.6,0.55
35,2011-03-05,0.0,0.35,1.05
36,2011-03-06,0.05,0.5,0.45
37,2011-03-07,2.05,0.65,1.6
38,2011-03-08,0.0,1.8,0.3
39,2011-03-09,0.0,0.0,6.6
40,2011-03-10,0.0,0.0,0.7
41,2011-03-11,0.0,0.0,0.45
42,2011-03-12,0.0,0.0,1.7
43,2011-03-13,0.0,2.75,0.15000000000000002
44,2011-03-14,0.0,6.6499999999999995,0.1
45,2011-03-15,0.0,0.0,0.25
46,2011-03-16,0.0,0.55,0.3
47,2011-03-17,0.0,0.5,4.050000000000001
48,2011-03-18,0.0,1.4,0.1
49,2011-03-19,0.75,4.15,0.0
50,2011-03-20,55.9,1.05,13.649999999999999
51,2011-03-21,10.55,0.55,0.65
52,2011-03-22,0.0,0.3,23.15
53,2011-03-23,5.8,0.4,22.7
54,2011-03-24,0.3,0.1,0.8500000000000001
55,2011-03-25,1.85,1.95,0.4
56,2011-03-26,0.05,0.9,0.15000000000000002
57,2011-03-27,1.05,0.55,0.1
58,2011-03-28,0.0,0.35,0.0
59,2011-03-29,0.0,7.45,0.0
60,2011-03-30,0.0,3.85,0.0
61,2011-03-31,0.0,0.15,0.2
62,2011-04-01,0.0,0.0,4.1000000000000005
63,2011-04-02,0.0,0.7,0.55
64,2011-04-03,0.55,0.55,15.7
65,2011-04-04,0.0,5.05,6.15
66,2011-04-05,0.0,0.0,0.25
67,2011-04-06,2.8,0.0,4.8500000000000005
68,2011-04-07,2.5,0.4,0.0
69,2011-04-08,2.15,0.2,6.35
70,2011-04-09,0.55,0.0,1.25
71,2011-04-10,0.0,2.1999999999999997,14.0
72,2011-04-11,0.0,3.6,0.25
73,2011-04-12,0.0,0.0,0.0
74,2011-04-13,0.2,0.0,0.9
75,2011-04-14,0.0,4.9,1.05
76,2011-04-15,0.0,0.15,6.65
77,2011-04-16,0.0,0.0,3.4000000000000004
78,2011-04-17,0.0,0.0,0.1
79,2011-04-18,0.05,0.15000000000000002,3.8
80,2011-04-19,0.0,0.3,7.45
81,2011-04-20,0.35,1.35,3.25
82,2011-04-21,0.05,0.9,1.65
83,2011-04-22,0.15,0.85,5.25
84,2011-04-23,0.1,3.6,0.6
85,2011-04-24,0.65,7.1499999999999995,0.15
86,2011-04-25,0.0,6.25,0.3
87,2011-04-26,0.0,1.4,39.45
88,2011-04-27,0.0,0.45,6.9
89,2011-04-28,0.0,0.0,3.8
90,2011-04-29,0.0,0.0,0.15
91,2011-04-30,0.0,1.0,15.5
92,2011-05-01,0.0,5.45,0.5
93,2011-05-02,0.0,1.85,0.2
94,2011-05-03,0.0,0.0,0.1
95,2011-05-04,0.0,0.0,0.0
96,2011-05-05,0.0,0.0,8.950000000000001
97,2011-05-06,0.0,0.0,2.15
98,2011-05-07,0.0,0.0,1.0
99,2011-05-08,1.1,0.2,0.0
100,2011-05-09,2.5,0.0,3.35
101,2011-05-10,0.4,2.1,9.55
102,2011-05-11,0.0,6.5,20.6
103,2011-05-12,0.0,10.450000000000001,7.25
104,2011-05-13,0.05,0.0,3.5
105,2011-05-14,0.35,0.0,4.3
106,2011-05-15,0.9500000000000001,0.0,3.95
107,2011-05-16,0.0,0.0,0.0
108,2011-05-17,1.0,0.0,0.0
109,2011-05-18,4.55,3.35,1.55
110,2011-05-19,0.0,2.9,1.25
111,2011-05-20,0.0,12.399999999999999,0.65
112,2011-05-21,0.0,6.1,15.95
113,2011-05-22,0.5,2.35,17.7
114,2011-05-23,0.6000000000000001,0.8500000000000001,2.25
115,2011-05-24,0.2,2.6,0.8999999999999999
116,2011-05-25,0.0,5.35,2.8000000000000003
117,2011-05-26,0.0,1.6,1.2
118,2011-05-27,0.0,0.1,0.05
119,2011-05-28,0.0,0.0,4.8
120,2011-05-29,0.9500000000000001,0.25,2.2
121,2011-05-30,0.0,0.35,1.75
122,2011-05-31,0.0,2.5,11.899999999999999
123,2011-06-01,0.0,0.0,0.0
124,2011-06-02,0.0,0.0,0.0
125,2011-06-03,0.0,0.05,13.75
126,2011-06-04,0.0,0.0,8.25
127,2011-06-05,0.0,0.25,0.25
128,2011-06-06,0.15000000000000002,1.65,2.8
129,2011-06-07,0.0,3.0,3.2
130,2011-06-08,0.0,0.0,3.0
131,2011-06-09,0.3,0.1,2.2
132,2011-06-10,0.15,0.15,5.2
133,2011-06-11,0.25,0.0,9.7
134,2011-06-12,0.45,0.0,0.0
135,2011-06-13,0.0,0.2,0.0
136,2011-06-14,0.0,0.0,0.05
137,2011-06-15,0.0,0.85,18.6
138,2011-06-16,0.05,0.25,3.2
139,2011-06-17,0.2,0.05,5.15
140,2011-06-18,0.05,0.0,14.15
141,2011-06-19,0.2,0.0,14.75
142,2011-06-20,0.1,1.0,1.6
143,2011-06-21,0.0,6.0,14.15
144,2011-06-22,0.0,8.55,19.85
145,2011-06-23,0.0,2.45,5.25
146,2011-06-24,0.0,0.1,0.4
147,2011-06-25,0.0,0.35,0.0
148,2011-06-26,0.0,0.0,0.0
149,2011-06-27,0.1,0.55,3.25
150,2011-06-28,0.2,0.7,0.35
151,2011-06-29,0.0,0.5,0.0
152,2011-06-30,0.0,0.15000000000000002,3.2
153,2011-07-01,0.0,0.3,3.4
154,2011-07-02,0.0,0.45,2.15
155,2011-07-03,0.05,0.8999999999999999,0.0
156,2011-07-04,15.6,0.0,0.0
157,2011-07-05,18.7,0.05,4.55
158,2011-07-06,4.2,0.0,1.4
159,2011-07-07,1.1,0.1,0.25
160,2011-07-08,1.6500000000000001,0.05,0.25
161,2011-07-09,0.35,0.7,3.45
162,2011-07-10,0.0,4.6,9.700000000000001
163,2011-07-11,0.0,2.45,6.15
164,2011-07-12,0.1,5.4,0.2
165,2011-07-13,0.05,0.75,0.15
166,2011-07-14,0.3,0.6,0.1
167,2011-07-15,0.0,0.05,1.2
168,2011-07-16,0.05,1.4000000000000001,7.699999999999999
169,2011-07-17,0.0,0.9,10.2
170,2011-07-18,0.0,0.5,18.55
171,2011-07-19,0.0,2.8,4.0
172,2011-07-20,0.0,1.5499999999999998,2.75
173,2011-07-21,0.0,0.4,0.05
174,2011-07-22,0.0,3.65,3.0999999999999996
175,2011-07-23,0.05,0.0,10.3
176,2011-07-24,0.8,0.4,1.15
177,2011-07-25,0.05,0.05,1.2
178,2011-07-26,0.0,0.6,0.0
179,2011-07-27,0.0,0.0,29.65
180,2011-07-28,0.0,0.65,15.9
181,2011-07-29,0.8,2.65,3.8000000000000003
182,2011-07-30,7.25,0.5,2.75
183,2011-07-31,25.4,0.15000000000000002,6.5
184,2011-08-01,0.65,0.05,3.15
185,2011-08-02,0.8,0.1,12.0
186,2011-08-03,0.15000000000000002,0.0,12.0
187,2011-08-04,0.0,0.0,0.05
188,2011-08-05,0.0,0.0,0.05
189,2011-08-06,0.0,0.0,7.550000000000001
190,2011-08-07,0.0,0.05,8.4
191,2011-08-08,0.0,0.0,3.25
192,2011-08-09,0.0,0.15,4.3
193,2011-08-10,0.05,0.05,0.0
194,2011-08-11,0.1,0.35,1.45
195,2011-08-12,0.2,0.15,5.5
196,2011-08-13,1.2,1.1,15.35
197,2011-08-14,0.0,0.75,0.55
198,2011-08-15,0.0,1.1,0.3
199,2011-08-16,0.0,0.35,3.1999999999999997
200,2011-08-17,0.0,0.0,14.95
201,2011-08-18,0.0,0.0,0.55
202,2011-08-19,0.0,0.0,2.7
203,2011-08-20,0.0,0.1,6.5
204,2011-08-21,0.0,0.1,0.8
205,2011-08-22,0.0,0.0,0.05
206,2011-08-23,0.3,0.0,13.75
207,2011-08-24,0.0,0.0,2.55
208,2011-08-25,0.1,4.35,0.0
209,2011-08-26,4.0,0.0,0.0
210,2011-08-27,5.050000000000001,0.0,0.05
211,2011-08-28,1.1,0.0,0.0
212,2011-08-29,0.0,2.2,0.0
213,2011-08-30,0.0,0.2,2.05
214,2011-08-31,0.0,0.1,2.85
215,2011-09-01,0.0,0.1,0.25
216,2011-09-02,0.0,0.0,15.7
217,2011-09-03,0.0,0.0,10.25
218,2011-09-04,0.0,0.0,1.25
219,2011-09-05,0.35,0.0,0.75
220,2011-09-06,0.1,0.0,0.0
221,2011-09-07,0.0,0.0,0.0
222,2011-09-08,0.0,0.0,0.0
223,2011-09-09,0.0,0.0,0.15000000000000002
224,2011-09-10,1.25,0.0,0.15
225,2011-09-11,0.0,0.0,1.1500000000000001
226,2011-09-12,0.0,0.0,0.25
227,2011-09-13,2.5,0.0,3.55
228,2011-09-14,0.44999999999999996,2.75,0.0
229,2011-09-15,0.15,8.149999999999999,0.0
230,2011-09-16,0.0,4.8,0.95
231,2011-09-17,0.15,10.15,0.35
232,2011-09-18,0.0,5.9,13.9
233,2011-09-19,0.0,1.45,1.45
234,2011-09-20,0.0,0.0,5.6499999999999995
235,2011-09-21,0.0,0.4,3.25
236,2011-09-22,0.3,2.0500000000000003,0.55
237,2011-09-23,2.6500000000000004,0.1,0.2
238,2011-09-24,5.8500000000000005,0.0,2.0
239,2011-09-25,0.0,0.0,5.5
240,2011-09-26,0.2,0.0,19.1
241,2011-09-27,0.0,0.1,12.1
242,2011-09-28,0.0,0.0,7.6
243,2011-09-29,0.0,0.9,5.3500000000000005
244,2011-09-30,0.85,0.55,0.4
245,2011-10-01,0.2,0.0,0.1
246,2011-10-02,0.2,0.0,0.0
247,2011-10-03,0.1,0.0,0.0
248,2011-10-04,0.2,0.0,0.0
249,2011-10-05,25.049999999999997,0.0,0.0
250,2011-10-06,0.45,0.9,0.0
251,2011-10-07,0.2,4.699999999999999,0.0
252,2011-10-08,0.0,17.45,2.65
253,2011-10-09,0.0,41.150000000000006,0.15
254,2011-10-10,0.0,0.8,0.4
255,2011-10-11,0.0,0.35,1.1
256,2011-10-12,0.0,4.8,5.2
257,2011-10-13,0.0,0.45,16.05
258,2011-10-14,0.0,0.0,0.05
259,2011-10-15,0.0,0.0,0.05
260,2011-10-16,0.0,0.0,0.25
261,2011-10-17,0.0,3.9,0.0
262,2011-10-18,0.0,1.05,0.7
263,2011-10-19,0.0,0.0,5.6000000000000005
264,2011-10-20,0.0,0.0,5.75
265,2011-10-21,0.0,0.0,0.0
266,2011-10-22,0.0,1.6,0.0
267,2011-10-23,0.0,1.1,4.35
268,2011-10-24,0.25,0.1,0.95
269,2011-10-25,0.0,0.1,4.25
270,2011-10-26,0.2,0.1,1.3
271,2011-10-27,0.0,7.2,4.05
272,2011-10-28,0.0,0.2,0.85
273,2011-10-29,0.0,0.0,1.3
274,2011-10-30,0.0,0.0,6.05
275,2011-10-31,0.0,0.0,0.15000000000000002
276,2011-11-01,0.0,0.0,1.95
277,2011-11-02,0.0,0.35,6.75
278,2011-11-03,0.0,0.0,5.2
279,2011-11-04,14.15,0.0,0.0
280,2011-11-05,0.0,0.1,0.05
281,2011-11-06,5.3,6.25,1.2
282,2011-11-07,0.4,15.0,0.05
283,2011-11-08,0.0,2.0999999999999996,4.5
284,2011-11-09,0.0,0.05,10.049999999999999
285,2011-11-10,0.0,0.0,1.1
286,2011-11-11,0.15,0.0,0.0
287,2011-11-12,12.8,0.5,0.0
288,2011-11-13,0.0,0.15,1.85
289,2011-11-14,0.15,0.9,1.05
290,2011-11-15,0.0,3.55,0.75
291,2011-11-16,0.0,0.0,0.0
292,2011-11-17,0.0,0.0,0.0
293,2011-11-18,0.05,0.0,0.0
294,2011-11-19,1.05,0.8500000000000001,4.9
295,2011-11-20,20.6,3.6,0.3
296,2011-11-21,0.25,10.85,0.05
297,2011-11-22,0.0,8.6,1.95
298,2011-11-23,0.0,0.0,0.0
299,2011-11-24,0.0,0.0,0.0
300,2011-11-25,0.0,0.45,0.1
301,2011-11-26,0.0,7.15,7.699999999999999
302,2011-11-27,0.0,0.0,10.4
303,2011-11-28,0.0,0.0,0.0
304,2011-11-29,0.0,0.0,0.0
305,2011-11-30,0.0,0.0,0.45
306,2011-12-01,0.05,1.3,2.5
307,2011-12-02,0.25,5.05,1.05
308,2011-12-03,0.0,5.9,6.75
309,2011-12-04,0.0,6.15,4.699999999999999
310,2011-12-05,0.0,2.7,1.05
311,2011-12-06,0.0,0.0,0.2
312,2011-12-07,0.0,0.0,0.0
313,2011-12-08,0.0,0.0,0.05
314,2011-12-09,0.0,0.55,0.0
315,2011-12-10,0.0,0.4,0.0
316,2011-12-11,0.0,0.05,0.0
317,2011-12-12,17.35,0.35,1.35
318,2011-12-13,2.85,0.65,0.4
319,2011-12-14,0.0,8.7,15.45
320,2011-12-15,1.0,4.85,2.5
321,2011-12-16,0.05,2.3,0.0
322,2011-12-17,1.3,0.6,1.0499999999999998
323,2011-12-18,1.75,0.0,0.0
324,2011-12-19,0.1,8.35,0.0
325,2011-12-20,0.0,1.0,0.0
326,2011-12-21,0.0,0.15,1.7000000000000002
327,2011-12-22,0.0,15.9,0.95
328,2011-12-23,0.0,0.1,1.05
329,2011-12-24,0.0,7.300000000000001,0.0
330,2011-12-25,0.0,1.55,0.0
331,2011-12-26,0.0,0.39999999999999997,0.0
332,2011-12-27,0.0,0.0,0.7999999999999999
333,2011-12-28,0.0,0.0,0.1
334,2011-12-29,0.0,0.0,1.3
335,2011-12-30,0.0,0.0,10.75
336,2011-12-31,0.0,0.0,0.39999999999999997
337,2012-01-01,0.0,0.1,6.75
338,2012-01-02,0.0,0.0,0.6
339,2012-01-03,0.0,0.0,0.0
340,2012-01-04,0.0,0.15,0.0
341,2012-01-05,0.0,0.15,0.0
342,2012-01-06,0.5,0.05,0.1
343,2012-01-07,0.9,0.05,0.35
344,2012-01-08,0.0,1.3,0.0
345,2012-01-09,1.0,4.15,0.30000000000000004
346,2012-01-10,0.0,4.25,0.0
347,2012-01-11,0.0,0.0,2.0
348,2012-01-12,0.0,0.0,7.25
349,2012-01-13,0.0,0.0,1.8
350,2012-01-14,0.0,0.0,0.05
351,2012-01-15,0.7,0.1,0.1
352,2012-01-16,2.55,0.30000000000000004,0.55
353,2012-01-17,0.0,2.65,3.8
354,2012-01-18,0.0,0.0,0.25
355,2012-01-19,0.0,0.0,0.15000000000000002
356,2012-01-20,0.0,0.35,5.3
357,2012-01-21,3.9,0.0,0.45
358,2012-01-22,0.0,0.3,0.7
359,2012-01-23,11.3,0.0,10.05
360,2012-01-24,0.0,9.649999999999999,0.0
361,2012-01-25,0.0,11.55,0.55
362,2012-01-26,0.0,2.9,0.15000000000000002
363,2012-01-27,0.0,0.0,1.4000000000000001
364,2012-01-28,0.0,0.0,1.3
365,2012-01-29,0.0,0.0,2.5
366,2012-01-30,0.0,1.05,1.0
367,2012-01-31,0.0,2.65,0.25
368,2012-02-01,0.0,0.45,0.05
369,2012-02-02,0.0,2.2,0.65
370,2012-02-03,0.0,12.450000000000001,0.0
371,2012-02-04,0.0,15.95,0.0
372,2012-02-05,0.0,11.75,0.0
373,2012-02-06,0.0,0.0,0.0
374,2012-02-07,3.4000000000000004,0.0,0.55
375,2012-02-08,0.0,0.0,0.0
376,2012-02-09,0.0,0.55,0.0
377,2012-02-10,0.0,6.6,2.1
378,2012-02-11,1.05,0.0,0.05
379,2012-02-12,1.1,0.25,0.0
380,2012-02-13,2.9,5.25,1.1
381,2012-02-14,0.15000000000000002,0.1,1.1
382,2012-02-15,10.45,3.45,0.7999999999999999
383,2012-02-16,0.25,0.0,1.1500000000000001
384,2012-02-17,0.0,10.1,0.8
385,2012-02-18,0.0,26.4,0.0
386,2012-02-19,0.30000000000000004,0.0,0.0
387,2012-02-20,0.0,0.8500000000000001,0.25
388,2012-02-21,0.0,0.4,3.55
389,2012-02-22,0.0,0.25,0.35
390,2012-02-23,0.0,0.0,0.95
391,2012-02-24,0.0,0.0,7.6
392,2012-02-25,0.0,0.0,0.05
393,2012-02-26,0.0,0.05,0.15
394,2012-02-27,9.85,2.0,0.25
395,2012-02-28,0.9,1.1,9.85
396,2012-02-29,0.05,3.5999999999999996,17.55
397,2012-03-01,0.2,0.6,0.05
398,2012-03-02,0.0,1.1,8.05
399,2012-03-03,0.0,0.15,1.8499999999999999
400,2012-03-04,0.0,0.0,3.1500000000000004
401,2012-03-05,0.0,0.0,0.4
402,2012-03-06,2.05,0.4,0.1
403,2012-03-07,0.1,1.4,3.05
404,2012-03-08,0.0,4.9,3.3499999999999996
405,2012-03-09,0.0,19.15,0.05
406,2012-03-10,0.0,19.8,0.0
407,2012-03-11,0.05,13.7,0.05
408,2012-03-12,0.05,0.1,17.0
409,2012-03-13,0.0,2.5,0.0
410,2012-03-14,0.0,2.2,0.0
411,2012-03-15,0.0,1.15,4.5
412,2012-03-16,0.05,3.1999999999999997,3.7
413,2012-03-17,36.900000000000006,1.4,2.1
414,2012-03-18,7.75,1.05,1.15
415,2012-03-19,0.65,21.35,1.75
416,2012-03-20,0.0,21.9,1.05
417,2012-03-21,0.0,0.0,4.8
418,2012-03-22,0.0,0.4,6.7
419,2012-03-23,0.25,0.0,8.15
420,2012-03-24,0.05,0.0,0.8500000000000001
421,2012-03-25,20.05,0.0,0.4
422,2012-03-26,1.05,0.0,1.95
423,2012-03-27,0.0,0.2,2.6
424,2012-03-28,0.0,25.95,0.95
425,2012-03-29,0.1,8.9,0.05
426,2012-03-30,0.0,7.3500000000000005,8.95
427,2012-03-31,0.05,0.6,0.0
428,2012-04-01,0.3,0.1,0.4
429,2012-04-02,0.0,5.1,0.3
430,2012-04-03,0.0,12.75,6.25
431,2012-04-04,0.0,0.85,0.0
432,2012-04-05,0.0,0.15,0.0
433,2012-04-06,0.0,0.0,0.0
434,2012-04-07,0.0,0.0,1.3
435,2012-04-08,0.0,3.75,0.4
436,2012-04-09,0.0,1.9,0.15
437,2012-04-10,0.0,0.8,0.0
438,2012-04-11,5.2,0.95,0.0
439,2012-04-12,0.2,1.9,0.0
440,2012-04-13,27.35,3.25,0.3
441,2012-04-14,1.15,1.9500000000000002,0.0
442,2012-04-15,0.0,9.1,37.35
443,2012-04-16,0.0,13.05,10.35
444,2012-04-17,0.0,3.8,0.05
445,2012-04-18,0.0,0.0,7.949999999999999
446,2012-04-19,0.0,0.0,15.700000000000001
447,2012-04-20,0.0,10.55,1.65
448,2012-04-21,0.0,0.25,1.8
449,2012-04-22,0.0,0.0,1.8
450,2012-04-23,0.4,0.0,0.0
451,2012-04-24,0.05,0.0,0.0
452,2012-04-25,1.4,0.1,4.2
453,2012-04-26,2.9,0.0,0.1
454,2012-04-27,0.15000000000000002,0.1,0.05
455,2012-04-28,0.0,0.15000000000000002,5.5
456,2012-04-29,0.1,1.5,4.3
457,2012-04-30,0.4,3.75,5.1
458,2012-05-01,0.65,11.2,0.8
459,2012-05-02,0.8,0.65,2.4
460,2012-05-03,0.6,0.2,19.4
461,2012-05-04,0.0,0.25,1.95
462,2012-05-05,0.0,0.25,2.5500000000000003
463,2012-05-06,0.05,9.6,10.05
464,2012-05-07,0.05,3.7,14.1
465,2012-05-08,0.0,4.3,3.5999999999999996
466,2012-05-09,0.0,0.7,3.2
467,2012-05-10,0.0,4.5,0.0
468,2012-05-11,0.0,27.25,2.15
469,2012-05-12,0.1,3.35,3.65
470,2012-05-13,0.0,2.6,0.0
471,2012-05-14,0.0,8.75,0.0
472,2012-05-15,0.0,18.25,1.9000000000000001
473,2012-05-16,0.0,0.2,1.3
474,2012-05-17,0.0,0.1,0.1
475,2012-05-18,0.05,0.0,0.0
476,2012-05-19,0.0,0.44999999999999996,3.9
477,2012-05-20,0.0,0.0,7.35
478,2012-05-21,0.0,1.6,2.55
479,2012-05-22,0.0,2.9499999999999997,0.05
480,2012-05-23,0.1,0.0,0.75
481,2012-05-24,0.25,0.15,33.55
482,2012-05-25,1.1500000000000001,0.15,0.45
483,2012-05-26,0.1,0.5,20.200000000000003
484,2012-05-27,0.0,0.25,11.5
485,2012-05-28,0.0,0.6499999999999999,9.05
486,2012-05-29,0.0,3.6999999999999997,4.75
487,2012-05-30,0.05,3.9,0.6000000000000001
488,2012-05-31,0.2,15.65,4.75
489,2012-06-01,0.05,0.0,0.85
490,2012-06-02,0.0,0.7000000000000001,1.05
491,2012-06-03,0.0,0.15,0.15000000000000002
492,2012-06-04,0.0,2.95,0.45
493,2012-06-05,0.1,6.4,1.35
494,2012-06-06,0.0,10.549999999999999,4.25
495,2012-06-07,0.0,38.800000000000004,1.6
496,2012-06-08,0.0,7.95,5.7
497,2012-06-09,0.05,1.0,1.35
498,2012-06-10,0.1,0.05,1.7
499,2012-06-11,0.15,0.6,16.0
500,2012-06-12,0.05,11.25,0.15000000000000002
501,2012-06-13,0.05,15.6,0.05
502,2012-06-14,0.15,6.0,20.85
503,2012-06-15,0.25,4.95,20.25
504,2012-06-16,0.2,3.65,21.0
505,2012-06-17,0.0,10.45,9.5
506,2012-06-18,0.0,0.75,18.7
507,2012-06-19,0.25,1.9,9.2
508,2012-06-20,0.2,5.949999999999999,34.7
509,2012-06-21,0.1,3.3,6.05
510,2012-06-22,0.05,0.6,1.15
511,2012-06-23,0.0,0.05,1.4
512,2012-06-24,0.0,0.15,0.8500000000000001
513,2012-06-25,0.0,0.0,0.0
514,2012-06-26,0.0,0.0,0.0
515,2012-06-27,0.0,0.15,0.05
516,2012-06-28,0.0,1.5,2.75
517,2012-06-29,0.0,2.9,0.7
518,2012-06-30,0.0,7.6000000000000005,1.5
519,2012-07-01,0.0,2.8,0.7
520,2012-07-02,0.0,1.75,11.15
521,2012-07-03,0.0,2.0,10.100000000000001
522,2012-07-04,0.05,2.9,12.799999999999999
523,2012-07-05,0.0,0.1,0.2
524,2012-07-06,0.05,0.2,1.7
525,2012-07-07,0.0,1.8,3.15
526,2012-07-08,0.0,2.9000000000000004,0.7999999999999999
527,2012-07-09,0.0,10.75,0.5
528,2012-07-10,0.0,28.700000000000003,0.2
529,2012-07-11,0.15,15.5,0.05
530,2012-07-12,2.9,14.350000000000001,0.35
531,2012-07-13,6.45,7.85,6.6
532,2012-07-14,0.05,5.8999999999999995,15.55
533,2012-07-15,0.0,7.65,2.0
534,2012-07-16,0.05,5.0,1.4000000000000001
535,2012-07-17,0.0,5.25,17.6
536,2012-07-18,0.7999999999999999,4.95,11.5
537,2012-07-19,0.0,4.35,2.6500000000000004
538,2012-07-20,0.0,0.1,0.45
539,2012-07-21,0.0,0.05,4.4
540,2012-07-22,0.0,1.4,6.05
541,2012-07-23,0.0,0.95,7.05
542,2012-07-24,0.0,9.35,17.9
543,2012-07-25,0.0,2.05,22.65
544,2012-07-26,0.0,2.25,7.85
545,2012-07-27,0.0,3.1,5.85
546,2012-07-28,0.0,0.0,0.35
547,2012-07-29,0.0,0.0,0.95
548,2012-07-30,0.2,0.0,2.8000000000000003
549,2012-07-31,0.05,0.0,4.7
550,2012-08-01,0.2,0.0,3.3
551,2012-08-02,0.0,0.0,3.85
552,2012-08-03,0.0,0.0,0.25
553,2012-08-04,0.8,0.25,7.1
554,2012-08-05,0.0,0.7,0.1
555,2012-08-06,0.0,1.8,0.0
556,2012-08-07,0.25,0.8,2.15
557,2012-08-08,0.0,1.7,3.25
558,2012-08-09,2.1500000000000004,0.2,7.75
559,2012-08-10,0.25,0.44999999999999996,4.1000000000000005
560,2012-08-11,5.85,1.2,0.0
561,2012-08-12,4.35,2.6,0.3
562,2012-08-13,3.4,0.1,2.9000000000000004
563,2012-08-14,0.0,0.9,2.8
564,2012-08-15,0.0,4.7,3.75
565,2012-08-16,0.1,0.15,14.95
566,2012-08-17,1.7000000000000002,8.0,0.0
567,2012-08-18,0.0,11.15,1.75
568,2012-08-19,0.0,14.200000000000001,6.6000000000000005
569,2012-08-20,0.0,0.0,2.8
570,2012-08-21,3.5500000000000003,6.9,0.15
571,2012-08-22,0.25,0.55,2.7
572,2012-08-23,0.05,1.1,8.1
573,2012-08-24,0.0,0.9,8.35
574,2012-08-25,0.0,2.55,4.6
575,2012-08-26,0.0,12.5,4.55
576,2012-08-27,0.0,0.65,0.0
577,2012-08-28,0.1,8.100000000000001,0.05
578,2012-08-29,0.55,2.45,0.6
579,2012-08-30,1.85,0.39999999999999997,0.2
580,2012-08-31,0.0,0.55,9.35
581,2012-09-01,0.0,1.1,0.2
582,2012-09-02,0.0,0.0,0.0
583,2012-09-03,0.55,0.0,7.05
584,2012-09-04,2.05,0.0,0.3
585,2012-09-05,0.5,0.0,0.6000000000000001
586,2012-09-06,0.0,0.0,0.75
587,2012-09-07,0.0,0.75,7.6
588,2012-09-08,0.75,0.6,1.05
589,2012-09-09,0.45,0.0,0.15
590,2012-09-10,1.3,0.0,0.0
591,2012-09-11,0.4,0.0,0.0
592,2012-09-12,0.05,3.9,6.7
593,2012-09-13,0.0,16.05,4.9
594,2012-09-14,0.0,7.949999999999999,0.0
595,2012-09-15,0.0,0.05,0.0
596,2012-09-16,0.0,5.7,0.0
597,2012-09-17,0.0,2.75,8.6
598,2012-09-18,0.0,0.85,0.05
599,2012-09-19,0.0,0.1,3.4
600,2012-09-20,0.0,0.0,0.65
601,2012-09-21,0.0,0.0,5.65
602,2012-09-22,0.0,0.0,1.05
603,2012-09-23,0.0,0.0,0.0
604,2012-09-24,0.0,0.05,0.0
605,2012-09-25,0.0,0.0,0.0
606,2012-09-26,0.0,0.1,0.0
607,2012-09-27,0.0,1.5,0.5
608,2012-09-28,0.0,5.4,0.0
609,2012-09-29,0.0,24.85,0.0
610,2012-09-30,0.0,3.85,0.0
611,2012-10-01,0.0,0.0,0.0
612,2012-10-02,0.0,3.05,0.0
613,2012-10-03,0.0,0.0,1.25
614,2012-10-04,0.0,0.35,1.1
615,2012-10-05,0.0,0.8,0.0
616,2012-10-06,0.0,0.65,0.30000000000000004
617,2012-10-07,0.0,0.25,0.0
618,2012-10-08,0.0,0.05,0.5
619,2012-10-09,0.05,0.1,2.95
620,2012-10-10,0.05,1.65,1.8
621,2012-10-11,5.8,6.949999999999999,1.5999999999999999
622,2012-10-12,0.15000000000000002,1.4000000000000001,0.8
623,2012-10-13,0.0,9.75,12.100000000000001
624,2012-10-14,0.0,6.8500000000000005,11.4
625,2012-10-15,0.0,0.25,0.05
626,2012-10-16,0.0,9.9,9.8
627,2012-10-17,0.0,0.65,10.35
628,2012-10-18,0.0,0.0,2.25
629,2012-10-19,0.15,0.0,3.65
630,2012-10-20,0.6,0.4,0.15
631,2012-10-21,1.55,0.15000000000000002,0.05
632,2012-10-22,0.1,3.4000000000000004,10.15
633,2012-10-23,0.05,1.5,9.95
634,2012-10-24,0.0,0.1,3.5999999999999996
635,2012-10-25,0.0,1.4,16.0
636,2012-10-26,0.0,4.15,1.0
637,2012-10-27,0.0,0.05,0.0
638,2012-10-28,0.0,0.0,0.15
639,2012-10-29,0.0,0.0,0.0
640,2012-10-30,0.0,0.0,0.15
641,2012-10-31,0.0,0.0,0.3
642,2012-11-01,0.0,0.0,0.05
643,2012-11-02,0.05,0.1,0.05
644,2012-11-03,0.0,2.55,0.05
645,2012-11-04,0.0,1.65,0.1
646,2012-11-05,0.0,3.35,0.3
647,2012-11-06,0.0,0.7,4.65
648,2012-11-07,0.0,0.0,0.75
649,2012-11-08,2.3499999999999996,0.0,0.05
650,2012-11-09,1.4500000000000002,0.05,0.4
651,2012-11-10,0.0,0.15000000000000002,3.5
652,2012-11-11,0.0,5.25,12.4
653,2012-11-12,0.0,2.95,2.0
654,2012-11-13,0.0,0.05,0.0
655,2012-11-14,0.0,0.05,0.25
656,2012-11-15,0.0,0.0,0.8
657,2012-11-16,0.2,0.0,0.35
658,2012-11-17,1.05,0.0,0.0
659,2012-11-18,0.05,0.0,0.0
660,2012-11-19,0.0,0.0,0.2
661,2012-11-20,0.0,0.0,0.1
662,2012-11-21,0.0,0.0,0.0
663,2012-11-22,0.0,0.1,0.3
664,2012-11-23,0.0,2.35,0.9
665,2012-11-24,0.0,0.0,0.0
666,2012-11-25,0.0,0.0,0.1
667,2012-11-26,0.0,1.45,0.05
668,2012-11-27,0.0,3.75,0.05
669,2012-11-28,0.05,0.0,0.0
670,2012-11-29,0.7,0.05,0.0
671,2012-11-30,1.4,0.3,0.4
672,2012-12-01,0.15000000000000002,0.3,1.5
673,2012-12-02,0.8500000000000001,0.05,0.9
674,2012-12-03,2.4,0.05,2.75
675,2012-12-04,0.0,8.350000000000001,0.95
676,2012-12-05,0.0,0.35,0.0
677,2012-12-06,0.0,0.0,6.2
678,2012-12-07,0.0,0.1,0.5
679,2012-12-08,0.0,1.15,2.3499999999999996
680,2012-12-09,0.0,4.35,18.65
681,2012-12-10,0.0,4.95,3.85
682,2012-12-11,0.0,0.0,0.1
683,2012-12-12,1.05,0.0,0.1
684,2012-12-13,11.3,0.0,0.0
685,2012-12-14,2.65,1.45,0.0
686,2012-12-15,1.2000000000000002,2.45,10.3
687,2012-12-16,0.2,6.55,2.0
688,2012-12-17,0.3,0.0,0.05
689,2012-12-18,5.6,0.0,3.55
690,2012-12-19,0.0,1.35,0.2
691,2012-12-20,0.0,0.8,25.15
692,2012-12-21,0.0,0.0,2.4
693,2012-12-22,0.0,0.0,0.0
694,2012-12-23,0.1,0.05,0.0
695,2012-12-24,2.4,0.0,0.6
696,2012-12-25,0.0,5.4,0.3
697,2012-12-26,2.65,0.0,0.45
698,2012-12-27,0.0,1.4000000000000001,0.44999999999999996
699,2012-12-28,0.0,0.6,2.3
700,2012-12-29,0.9,0.0,0.75
701,2012-12-30,2.2,0.0,0.0
702,2012-12-31,0.0,7.25,0.1
703,2013-01-01,0.0,9.65,0.0
704,2013-01-02,0.0,0.45,0.25
705,2013-01-03,0.0,0.0,0.55
706,2013-01-04,0.0,1.0,0.0
707,2013-01-05,0.0,1.4,0.2
708,2013-01-06,0.4,0.0,0.2
709,2013-01-07,0.8500000000000001,0.0,0.0
710,2013-01-08,0.0,16.35,0.1
711,2013-01-09,0.0,21.450000000000003,0.1
712,2013-01-10,2.3499999999999996,1.55,3.25
713,2013-01-11,0.0,0.15,8.1
714,2013-01-12,0.0,6.95,0.55
715,2013-01-13,0.0,3.25,3.5
716,2013-01-14,0.0,0.05,0.1
717,2013-01-15,0.0,0.95,0.05
718,2013-01-16,0.0,0.0,1.0
719,2013-01-17,0.0,0.0,0.05
720,2013-01-18,0.0,0.0,1.35
721,2013-01-19,0.0,0.0,0.8999999999999999
722,2013-01-20,0.0,0.0,0.0
723,2013-01-21,0.0,0.0,0.25
724,2013-01-22,0.0,0.0,0.05
725,2013-01-23,0.25,0.0,0.7
726,2013-01-24,11.3,0.0,0.2
727,2013-01-25,10.9,0.0,0.8500000000000001
728,2013-01-26,6.4,0.0,0.1
729,2013-01-27,3.1,2.0,10.0
730,2013-01-28,0.5,1.75,2.1
731,2013-01-29,0.0,4.8,23.55
732,2013-01-30,0.0,0.9,8.8
733,2013-01-31,0.0,0.0,1.3
734,2013-02-01,0.0,0.0,0.65
735,2013-02-02,0.05,0.0,2.3
736,2013-02-03,0.85,0.0,0.5
737,2013-02-04,0.0,1.2,2.75
738,2013-02-05,0.1,1.1,3.45
739,2013-02-06,0.15,15.600000000000001,2.45
740,2013-02-07,0.05,0.7000000000000001,10.8
741,2013-02-08,7.300000000000001,0.0,1.45
742,2013-02-09,0.1,3.4,0.5
743,2013-02-10,0.0,6.300000000000001,13.3
744,2013-02-11,0.2,7.0,4.65
745,2013-02-12,0.0,2.4,0.0
746,2013-02-13,0.0,0.0,0.55
747,2013-02-14,0.0,0.0,4.1499999999999995
748,2013-02-15,0.0,0.05,0.25
749,2013-02-16,0.0,0.05,0.1
750,2013-02-17,0.0,0.0,0.25
751,2013-02-18,0.0,4.15,5.6
752,2013-02-19,5.2,0.4,4.2
753,2013-02-20,9.3,3.6,0.0
754,2013-02-21,0.1,3.1,0.3
755,2013-02-22,0.0,0.0,9.1
756,2013-02-23,0.0,0.0,0.7000000000000001
757,2013-02-24,0.0,0.1,0.0
758,2013-02-25,0.0,1.9,0.05
759,2013-02-26,0.0,0.05,4.3500000000000005
760,2013-02-27,0.0,0.0,6.8500000000000005
761,2013-02-28,0.0,0.0,0.65
762,2013-03-01,0.0,0.2,0.9500000000000001
763,2013-03-02,0.0,0.0,0.1
764,2013-03-03,0.0,0.0,0.0
765,2013-03-04,0.1,0.0,0.95
766,2013-03-05,0.05,0.0,15.5
767,2013-03-06,0.15,0.0,1.1
768,2013-03-07,0.85,0.0,0.15
769,2013-03-08,9.55,1.7000000000000002,0.25
770,2013-03-09,0.65,7.1000000000000005,15.549999999999999
771,2013-03-10,0.0,4.9,18.65
772,2013-03-11,0.0,0.0,8.65
773,2013-03-12,0.0,0.0,0.8500000000000001
774,2013-03-13,0.0,0.0,0.05
775,2013-03-14,0.0,0.0,1.3
776,2013-03-15,0.0,0.0,7.85
777,2013-03-16,0.1,0.0,3.6999999999999997
778,2013-03-17,0.0,0.15,0.05
779,2013-03-18,0.05,0.3,6.95
780,2013-03-19,0.2,0.9,0.30000000000000004
781,2013-03-20,0.0,3.4,0.39999999999999997
782,2013-03-21,0.0,1.0,0.05
783,2013-03-22,0.0,0.5,0.4
784,2013-03-23,0.0,1.6,0.25
785,2013-03-24,0.0,0.15000000000000002,2.3
786,2013-03-25,0.0,0.0,1.65
787,2013-03-26,0.0,0.0,0.85
788,2013-03-27,0.0,0.0,0.65
789,2013-03-28,0.4,0.8500000000000001,0.1
790,2013-03-29,0.0,0.39999999999999997,0.35
791,2013-03-30,0.0,4.1499999999999995,10.85
792,2013-03-31,0.1,10.850000000000001,1.5
793,2013-04-01,0.2,1.1,0.25
794,2013-04-02,0.0,14.45,0.2
795,2013-04-03,0.05,9.75,0.0
796,2013-04-04,0.0,0.15000000000000002,0.85
797,2013-04-05,0.05,0.0,1.7
798,2013-04-06,0.15,0.0,7.65
799,2013-04-07,0.0,0.15000000000000002,0.1
800,2013-04-08,1.7999999999999998,0.5,35.3
801,2013-04-09,0.0,0.6,13.35
802,2013-04-10,0.0,5.7,8.700000000000001
803,2013-04-11,0.0,2.65,17.8
804,2013-04-12,0.1,0.0,5.0
805,2013-04-13,0.05,0.1,1.6500000000000001
806,2013-04-14,0.7000000000000001,0.1,15.25
807,2013-04-15,1.9,0.3,10.45
808,2013-04-16,0.75,0.30000000000000004,2.9000000000000004
809,2013-04-17,0.0,1.85,11.899999999999999
810,2013-04-18,0.0,5.449999999999999,35.25
811,2013-04-19,0.0,0.0,3.75
812,2013-04-20,0.0,0.0,0.25
813,2013-04-21,0.0,0.3,6.8
814,2013-04-22,0.05,0.0,12.75
815,2013-04-23,0.45,1.75,15.85
816,2013-04-24,0.95,4.05,2.15
817,2013-04-25,0.35,1.65,2.0
818,2013-04-26,0.0,0.8500000000000001,2.05
819,2013-04-27,0.0,19.55,0.55
820,2013-04-28,0.05,16.1,5.0
821,2013-04-29,0.0,4.25,7.300000000000001
822,2013-04-30,0.2,12.3,3.8499999999999996
823,2013-05-01,0.3,0.2,11.350000000000001
824,2013-05-02,0.1,1.55,24.55
825,2013-05-03,0.0,0.0,7.199999999999999
826,2013-05-04,0.0,0.0,5.9
827,2013-05-05,1.5499999999999998,0.0,1.0
828,2013-05-06,3.1999999999999997,0.05,1.2
829,2013-05-07,2.25,0.0,0.65
830,2013-05-08,0.1,1.5,7.0
831,2013-05-09,6.7,6.800000000000001,13.55
832,2013-05-10,0.1,7.15,7.3999999999999995
833,2013-05-11,0.05,0.75,2.65
834,2013-05-12,0.0,0.0,0.05
835,2013-05-13,0.0,0.0,1.5999999999999999
836,2013-05-14,0.0,0.0,0.75
837,2013-05-15,0.0,11.7,0.05
838,2013-05-16,0.1,3.25,0.1
839,2013-05-17,0.25,0.7000000000000001,5.0
840,2013-05-18,0.15,0.2,1.85
841,2013-05-19,0.0,0.3,14.6
842,2013-05-20,0.05,0.75,12.65
843,2013-05-21,0.1,7.699999999999999,6.1
844,2013-05-22,0.25,2.75,9.6
845,2013-05-23,0.1,2.3499999999999996,2.3
846,2013-05-24,0.15,10.1,0.0
847,2013-05-25,0.0,6.5,0.0
848,2013-05-26,0.0,7.5,2.25
849,2013-05-27,0.1,1.65,9.35
850,2013-05-28,0.15,4.1,11.950000000000001
851,2013-05-29,0.0,9.5,4.0
852,2013-05-30,0.05,2.35,12.7
853,2013-05-31,0.2,0.15000000000000002,12.149999999999999
854,2013-06-01,0.1,2.15,8.15
855,2013-06-02,0.15,4.0,1.45
856,2013-06-03,0.3,0.0,0.1
857,2013-06-04,0.3,2.25,2.2
858,2013-06-05,0.25,0.05,6.5
859,2013-06-06,0.15,6.3,4.0
860,2013-06-07,0.15,2.15,1.2000000000000002
861,2013-06-08,0.15,2.5,2.75
862,2013-06-09,0.15,9.95,15.65
863,2013-06-10,0.05,0.95,3.4000000000000004
864,2013-06-11,0.0,3.1,0.3
865,2013-06-12,0.1,1.2,30.85
866,2013-06-13,0.05,1.6,13.45
867,2013-06-14,0.1,0.2,0.5
868,2013-06-15,0.05,7.85,12.45
869,2013-06-16,0.0,1.4,1.5
870,2013-06-17,0.0,5.1000000000000005,3.85
871,2013-06-18,0.0,8.55,2.0
872,2013-06-19,0.0,5.1,0.9
873,2013-06-20,0.0,0.2,15.3
874,2013-06-21,0.0,0.2,42.150000000000006
875,2013-06-22,0.0,1.8,13.8
876,2013-06-23,0.15,0.65,16.15
877,2013-06-24,0.2,0.25,9.7
878,2013-06-25,0.05,0.1,21.0
879,2013-06-26,0.0,0.1,8.0
880,2013-06-27,0.0,0.1,6.5
881,2013-06-28,0.0,0.15000000000000002,14.9
882,2013-06-29,0.0,0.1,3.35
883,2013-06-30,1.05,1.2,0.1
884,2013-07-01,7.25,0.0,0.6
885,2013-07-02,0.45,0.0,0.25
886,2013-07-03,0.55,0.0,1.85
887,2013-07-04,0.0,0.2,0.85
888,2013-07-05,0.0,0.4,0.05
889,2013-07-06,0.8500000000000001,0.3,2.15
890,2013-07-07,0.0,1.9,9.899999999999999
891,2013-07-08,0.0,0.9500000000000001,10.100000000000001
892,2013-07-09,0.0,0.8,11.55
893,2013-07-10,0.0,6.0,0.05
894,2013-07-11,0.0,0.0,0.0
895,2013-07-12,0.0,0.0,0.0
896,2013-07-13,0.0,0.6,0.15
897,2013-07-14,0.0,8.35,0.1
898,2013-07-15,0.0,10.2,1.15
899,2013-07-16,0.0,7.9,12.1
900,2013-07-17,0.0,2.45,13.0
901,2013-07-18,0.0,1.4500000000000002,17.7
902,2013-07-19,0.0,0.25,23.4
903,2013-07-20,0.4,2.3,7.5
904,2013-07-21,1.05,1.65,13.95
905,2013-07-22,0.45,0.65,8.9
906,2013-07-23,0.1,1.75,6.95
907,2013-07-24,0.0,2.9,0.25
908,2013-07-25,0.1,0.6,3.25
909,2013-07-26,3.35,1.25,10.600000000000001
910,2013-07-27,0.0,6.75,1.9
911,2013-07-28,0.0,6.35,1.1
912,2013-07-29,0.0,1.95,0.1
913,2013-07-30,0.0,0.1,3.2
914,2013-07-31,0.0,0.55,7.2
915,2013-08-01,0.0,0.65,2.55
916,2013-08-02,0.05,0.05,5.6499999999999995
917,2013-08-03,0.0,0.0,0.35
918,2013-08-04,0.0,0.2,0.2
919,2013-08-05,0.0,0.2,4.1000000000000005
920,2013-08-06,0.0,0.0,3.9
921,2013-08-07,0.0,0.0,7.5
922,2013-08-08,0.0,0.44999999999999996,0.0
923,2013-08-09,0.0,1.85,0.1
924,2013-08-10,0.05,1.55,0.15
925,2013-08-11,0.0,3.2,2.9
926,2013-08-12,0.0,0.05,14.950000000000001
927,2013-08-13,0.0,0.5,0.15000000000000002
928,2013-08-14,0.0,8.0,0.05
929,2013-08-15,0.0,5.55,0.4
930,2013-08-16,0.0,8.700000000000001,0.3
931,2013-08-17,0.0,2.65,0.0
932,2013-08-18,1.6,0.0,0.05
933,2013-08-19,1.65,0.25,0.0
934,2013-08-20,0.2,0.05,0.4
935,2013-08-21,0.35,2.2,11.95
936,2013-08-22,0.0,2.4499999999999997,8.55
937,2013-08-23,0.0,2.45,0.0
938,2013-08-24,0.05,1.5,0.15
939,2013-08-25,0.55,1.25,0.0
940,2013-08-26,2.3499999999999996,4.4,0.15
941,2013-08-27,0.35,4.949999999999999,1.25
942,2013-08-28,0.0,1.7,1.1
943,2013-08-29,4.2,0.0,0.05
944,2013-08-30,8.35,0.0,8.65
945,2013-08-31,0.5,0.0,1.15
946,2013-09-01,1.1,0.0,1.0
947,2013-09-02,0.95,0.95,0.9
948,2013-09-03,2.15,0.65,0.0
949,2013-09-04,1.1,16.65,0.0
950,2013-09-05,2.5,2.3,0.0
951,2013-09-06,5.15,2.3000000000000003,0.0
952,2013-09-07,3.65,2.3,1.95
953,2013-09-08,0.0,4.95,0.44999999999999996
954,2013-09-09,0.75,2.6999999999999997,1.75
955,2013-09-10,0.0,10.8,1.05
956,2013-09-11,0.0,0.8,9.05
957,2013-09-12,0.0,1.05,3.25
958,2013-09-13,0.0,2.25,0.4
959,2013-09-14,0.0,2.15,6.1
960,2013-09-15,0.0,1.8499999999999999,15.649999999999999
961,2013-09-16,0.0,6.6,0.15
962,2013-09-17,0.0,1.55,0.0
963,2013-09-18,0.1,0.75,5.9
964,2013-09-19,0.15,3.75,11.350000000000001
965,2013-09-20,0.3,22.65,1.9
966,2013-09-21,0.05,3.35,0.0
967,2013-09-22,0.1,0.0,0.0
968,2013-09-23,0.0,0.0,0.0
969,2013-09-24,0.0,0.0,0.05
970,2013-09-25,0.15,0.0,0.05
971,2013-09-26,0.35,0.0,0.0
972,2013-09-27,0.0,3.85,0.0
973,2013-09-28,0.0,11.55,12.4
974,2013-09-29,0.0,11.299999999999999,1.15
975,2013-09-30,0.0,0.2,0.0
976,2013-10-01,0.0,0.55,0.0
977,2013-10-02,0.1,3.4499999999999997,1.3
978,2013-10-03,0.5,0.7000000000000001,23.95
979,2013-10-04,0.0,0.25,11.3
980,2013-10-05,0.0,4.75,21.299999999999997
981,2013-10-06,0.0,0.2,2.1500000000000004
982,2013-10-07,0.0,0.0,0.95
983,2013-10-08,0.05,0.0,0.0
984,2013-10-09,11.55,0.0,0.0
985,2013-10-10,0.1,0.0,0.0
986,2013-10-11,0.0,6.55,0.4
987,2013-10-12,0.0,10.75,2.8
988,2013-10-13,0.0,15.6,0.0
989,2013-10-14,0.0,10.25,0.6000000000000001
990,2013-10-15,0.0,10.4,18.2
991,2013-10-16,0.0,1.75,0.6
992,2013-10-17,0.0,0.1,5.5
993,2013-10-18,0.0,2.15,3.3
994,2013-10-19,0.0,1.35,1.9000000000000001
995,2013-10-20,0.0,0.0,2.25
996,2013-10-21,0.0,1.5999999999999999,0.8
997,2013-10-22,0.0,0.1,0.05
998,2013-10-23,0.25,0.0,1.05
999,2013-10-24,0.5,0.0,0.35
1000,2013-10-25,0.15,0.0,0.0
1001,2013-10-26,0.0,4.55,0.4
1002,2013-10-27,0.0,5.8,0.0
1003,2013-10-28,5.45,0.25,0.15
1004,2013-10-29,0.05,3.05,1.3
1005,2013-10-30,0.0,14.65,3.4499999999999997
1006,2013-10-31,0.0,22.55,14.15
1007,2013-11-01,0.0,0.1,0.8500000000000001
1008,2013-11-02,0.0,0.0,0.35
1009,2013-11-03,0.15,0.0,0.3
1010,2013-11-04,0.4,3.25,5.7
1011,2013-11-05,0.0,4.3,2.7
1012,2013-11-06,0.0,7.15,12.600000000000001
1013,2013-11-07,0.0,0.0,0.1
1014,2013-11-08,0.0,0.0,1.2000000000000002
1015,2013-11-09,0.0,0.8,0.7
1016,2013-11-10,0.0,0.1,0.1
1017,2013-11-11,0.0,0.0,3.55
1018,2013-11-12,0.0,0.6,0.0
1019,2013-11-13,0.0,0.0,0.0
1020,2013-11-14,0.0,0.0,0.9
1021,2013-11-15,1.65,0.05,0.1
1022,2013-11-16,1.5,0.39999999999999997,4.05
1023,2013-11-17,0.2,0.1,7.550000000000001
1024,2013-11-18,0.0,0.35,0.15
1025,2013-11-19,0.1,0.05,0.0
1026,2013-11-20,0.65,0.7,1.6
1027,2013-11-21,9.7,8.75,1.7999999999999998
1028,2013-11-22,6.0,8.3,2.05
1029,2013-11-23,0.75,2.0,0.1
1030,2013-11-24,0.0,0.85,0.0
1031,2013-11-25,0.0,7.6499999999999995,2.35
1032,2013-11-26,0.0,1.4000000000000001,1.05
1033,2013-11-27,0.0,0.0,0.05
1034,2013-11-28,0.0,0.0,0.05
1035,2013-11-29,0.85,0.0,0.0
1036,2013-11-30,0.0,0.05,0.1
1037,2013-12-01,0.0,0.15,0.1
1038,2013-12-02,0.0,0.0,2.9
1039,2013-12-03,1.4,0.0,7.75
1040,2013-12-04,1.1,0.0,14.1
1041,2013-12-05,0.1,2.2,0.3
1042,2013-12-06,0.30000000000000004,8.65,0.0
1043,2013-12-07,3.25,0.3,0.0
1044,2013-12-08,0.0,0.05,3.6500000000000004
1045,2013-12-09,0.0,1.1,1.4
1046,2013-12-10,0.0,0.1,0.9
1047,2013-12-11,0.35,0.05,0.4
1048,2013-12-12,0.30000000000000004,0.05,0.3
1049,2013-12-13,0.0,2.25,0.55
1050,2013-12-14,0.0,0.05,4.0
1051,2013-12-15,0.0,0.0,0.15000000000000002
1052,2013-12-16,0.0,0.0,2.45
1053,2013-12-17,0.0,0.0,0.9
1054,2013-12-18,0.1,0.0,0.0
1055,2013-12-19,4.15,0.25,0.45
1056,2013-12-20,0.0,0.8,1.65
1057,2013-12-21,0.0,5.9,0.55
1058,2013-12-22,0.0,0.0,8.3
1059,2013-12-23,0.0,0.0,1.4500000000000002
1060,2013-12-24,0.0,0.0,2.5
1061,2013-12-25,0.0,0.6,4.2
1062,2013-12-26,0.0,1.15,1.0499999999999998
1063,2013-12-27,0.0,0.8,0.25
1064,2013-12-28,0.0,0.0,0.15
1065,2013-12-29,0.0,0.05,1.0
1066,2013-12-30,0.0,0.1,0.3
1067,2013-12-31,0.0,0.0,1.45
1068,2014-01-01,0.0,0.0,2.45
1069,2014-01-02,0.0,0.0,0.5
1070,2014-01-03,0.0,0.0,0.5
1071,2014-01-04,0.0,0.0,2.15
1072,2014-01-05,0.0,0.0,1.1
1073,2014-01-06,0.0,0.0,0.25
1074,2014-01-07,0.0,0.0,0.05
1075,2014-01-08,0.0,2.2,0.0
1076,2014-01-09,0.0,5.2,0.0
1077,2014-01-10,0.0,5.85,7.5
1078,2014-01-11,0.0,0.0,1.7999999999999998
1079,2014-01-12,0.0,0.75,0.25
1080,2014-01-13,0.0,0.55,0.0
1081,2014-01-14,0.0,0.0,8.1
1082,2014-01-15,0.0,0.0,0.75
1083,2014-01-16,0.0,0.0,2.35
1084,2014-01-17,0.0,0.0,0.65
1085,2014-01-18,0.0,0.0,2.4
1086,2014-01-19,0.0,0.0,0.1
1087,2014-01-20,0.0,0.0,0.55
1088,2014-01-21,0.0,0.0,0.15000000000000002
1089,2014-01-22,0.0,0.0,1.55
1090,2014-01-23,0.0,1.6,0.1
1091,2014-01-24,0.0,1.1,0.44999999999999996
1092,2014-01-25,0.0,0.0,0.3
1093,2014-01-26,0.0,0.0,1.65
1094,2014-01-27,0.0,0.0,0.0
1095,2014-01-28,0.0,0.65,0.0
1096,2014-01-29,0.0,0.0,0.0
1097,2014-01-30,0.0,0.15,9.15
1098,2014-01-31,1.65,0.05,0.0
1099,2014-02-01,0.0,0.9,4.0
1100,2014-02-02,2.25,2.95,0.05
1101,2014-02-03,1.3499999999999999,0.1,0.05
1102,2014-02-04,0.2,1.4,0.25
1103,2014-02-05,0.3,0.0,3.3
1104,2014-02-06,1.65,0.15,0.1
1105,2014-02-07,0.1,0.85,0.0
1106,2014-02-08,0.05,0.0,1.15
1107,2014-02-09,0.0,0.05,0.15000000000000002
1108,2014-02-10,0.0,2.2,0.0
1109,2014-02-11,0.0,2.85,0.0
1110,2014-02-12,0.0,0.0,0.85
1111,2014-02-13,0.0,0.0,1.55
1112,2014-02-14,0.0,0.0,0.0
1113,2014-02-15,0.0,0.0,0.5
1114,2014-02-16,0.0,0.15,0.15
1115,2014-02-17,0.0,0.5,8.85
1116,2014-02-18,0.0,1.0,0.15000000000000002
1117,2014-02-19,0.1,0.2,0.05
1118,2014-02-20,0.0,0.9500000000000001,13.600000000000001
1119,2014-02-21,0.0,0.0,6.0
1120,2014-02-22,0.0,0.0,0.0
1121,2014-02-23,0.0,0.05,0.05
1122,2014-02-24,0.0,1.05,0.0
1123,2014-02-25,0.05,4.75,0.1
1124,2014-02-26,0.15,12.15,0.25
1125,2014-02-27,2.35,0.0,0.2
1126,2014-02-28,57.2,0.0,3.0999999999999996
1127,2014-03-01,13.0,0.35,3.15
1128,2014-03-02,0.35,6.65,0.45
1129,2014-03-03,0.0,0.1,0.05
1130,2014-03-04,0.0,5.65,0.85
1131,2014-03-05,0.0,0.1,2.0
1132,2014-03-06,0.0,0.1,0.25
1133,2014-03-07,0.0,0.0,1.05
1134,2014-03-08,0.0,4.8,0.7999999999999999
1135,2014-03-09,0.0,2.55,0.25
1136,2014-03-10,0.0,0.05,0.35
1137,2014-03-11,0.0,0.0,4.25
1138,2014-03-12,0.05,0.0,1.0
1139,2014-03-13,0.25,0.0,0.25
1140,2014-03-14,0.05,0.35,0.2
1141,2014-03-15,0.0,9.299999999999999,0.15000000000000002
1142,2014-03-16,0.0,1.05,0.05
1143,2014-03-17,0.0,0.0,2.2
1144,2014-03-18,0.05,0.0,1.4
1145,2014-03-19,0.0,0.2,6.699999999999999
1146,2014-03-20,0.0,0.0,0.25
1147,2014-03-21,0.1,0.35,1.9500000000000002
1148,2014-03-22,0.15,2.2,0.6
1149,2014-03-23,0.2,4.05,0.2
1150,2014-03-24,0.0,0.65,1.2999999999999998
1151,2014-03-25,0.65,0.4,0.65
1152,2014-03-26,0.45,0.55,0.45
1153,2014-03-27,0.55,2.4499999999999997,10.0
1154,2014-03-28,0.0,3.4000000000000004,4.2
1155,2014-03-29,0.0,0.45,0.0
1156,2014-03-30,0.0,0.0,0.0
1157,2014-03-31,0.0,0.1,3.8000000000000003
1158,2014-04-01,0.95,0.6,2.75
1159,2014-04-02,1.7,0.45,0.0
1160,2014-04-03,0.0,4.3,6.9
1161,2014-04-04,0.0,0.45,9.399999999999999
1162,2014-04-05,0.2,1.3,0.25
1163,2014-04-06,0.0,18.7,2.15
1164,2014-04-07,0.0,0.5,0.7
1165,2014-04-08,0.0,0.2,4.65
1166,2014-04-09,0.0,0.0,0.35
1167,2014-04-10,0.0,0.0,3.4499999999999997
1168,2014-04-11,0.1,0.1,0.4
1169,2014-04-12,0.3,0.3,18.5
1170,2014-04-13,0.85,5.6000000000000005,28.35
1171,2014-04-14,0.1,14.45,10.7
1172,2014-04-15,0.0,0.0,0.6
1173,2014-04-16,0.0,0.0,9.2
1174,2014-04-17,0.15,2.15,8.75
1175,2014-04-18,6.5,1.25,0.1
1176,2014-04-19,2.8499999999999996,0.0,1.1
1177,2014-04-20,0.0,3.35,7.85
1178,2014-04-21,0.0,3.45,6.0
1179,2014-04-22,0.0,2.9,0.4
1180,2014-04-23,0.0,0.0,2.1
1181,2014-04-24,0.0,1.9000000000000001,23.0
1182,2014-04-25,0.1,0.3,5.6
1183,2014-04-26,4.9,0.75,0.1
1184,2014-04-27,0.0,3.85,21.200000000000003
1185,2014-04-28,0.0,0.35,22.5
1186,2014-04-29,0.0,0.0,13.95
1187,2014-04-30,0.0,0.0,2.6500000000000004
1188,2014-05-01,0.0,0.0,5.6
1189,2014-05-02,0.0,0.0,1.6
1190,2014-05-03,0.0,0.0,0.95
1191,2014-05-04,0.0,0.0,0.0
1192,2014-05-05,0.0,0.0,1.3
1193,2014-05-06,1.1,0.15,0.35
1194,2014-05-07,0.9,0.25,8.5
1195,2014-05-08,0.05,5.8,13.549999999999999
1196,2014-05-09,0.05,4.1,6.85
1197,2014-05-10,0.15,0.0,0.45
1198,2014-05-11,0.0,0.35,2.9
1199,2014-05-12,0.0,8.95,32.8
1200,2014-05-13,0.0,46.949999999999996,11.149999999999999
1201,2014-05-14,0.0,3.5,0.45
1202,2014-05-15,0.0,0.0,8.2
1203,2014-05-16,0.0,0.0,0.6
1204,2014-05-17,0.0,0.0,1.35
1205,2014-05-18,0.0,0.1,0.15000000000000002
1206,2014-05-19,0.05,0.15000000000000002,13.450000000000001
1207,2014-05-20,0.15,0.05,19.0
1208,2014-05-21,0.5,0.1,3.5
1209,2014-05-22,4.65,0.7,0.05
1210,2014-05-23,3.85,0.85,0.0
1211,2014-05-24,0.45,10.2,0.0
1212,2014-05-25,0.1,5.8,0.1
1213,2014-05-26,0.0,12.9,13.15
1214,2014-05-27,0.0,21.8,33.35
1215,2014-05-28,0.0,5.9,5.1
1216,2014-05-29,0.05,0.5,0.0
1217,2014-05-30,0.0,3.7,0.0
1218,2014-05-31,0.0,8.95,2.2
1219,2014-06-01,0.0,0.5,17.2
1220,2014-06-02,0.0,0.95,6.65
1221,2014-06-03,0.0,1.55,0.30000000000000004
1222,2014-06-04,0.0,0.5,7.1
1223,2014-06-05,0.0,0.55,1.9
1224,2014-06-06,0.05,0.65,5.15
1225,2014-06-07,0.25,0.7999999999999999,17.299999999999997
1226,2014-06-08,0.2,20.6,1.2
1227,2014-06-09,0.1,8.95,1.75
1228,2014-06-10,0.15,9.9,1.15
1229,2014-06-11,0.15,0.1,13.299999999999999
1230,2014-06-12,0.05,8.6,9.85
1231,2014-06-13,0.0,5.3,0.0
1232,2014-06-14,0.0,1.9000000000000001,4.5
1233,2014-06-15,0.0,0.0,18.55
1234,2014-06-16,0.05,0.45,4.5
1235,2014-06-17,0.0,0.1,24.55
1236,2014-06-18,0.0,3.1,58.300000000000004
1237,2014-06-19,0.0,2.35,13.4
1238,2014-06-20,0.0,2.7,6.5
1239,2014-06-21,0.0,3.8,10.85
1240,2014-06-22,0.0,1.3,3.2
1241,2014-06-23,0.1,5.55,5.05
1242,2014-06-24,0.15,5.25,7.4
1243,2014-06-25,0.15,4.05,4.8
1244,2014-06-26,0.35,0.35,0.8
1245,2014-06-27,0.4,4.3,3.85
1246,2014-06-28,0.25,0.75,18.950000000000003
1247,2014-06-29,0.1,0.2,17.15
1248,2014-06-30,0.25,0.1,18.8
1249,2014-07-01,0.05,0.0,10.55
1250,2014-07-02,0.0,1.5,1.4000000000000001
1251,2014-07-03,0.0,3.0,1.3
1252,2014-07-04,1.8,3.8499999999999996,0.0
1253,2014-07-05,6.75,4.0,0.05
1254,2014-07-06,0.85,1.4,5.699999999999999
1255,2014-07-07,0.0,0.85,5.45
1256,2014-07-08,0.7,1.3,6.9
1257,2014-07-09,0.0,0.0,2.1
1258,2014-07-10,0.0,0.0,0.35
1259,2014-07-11,0.0,0.0,1.3
1260,2014-07-12,0.0,0.0,23.75
1261,2014-07-13,0.0,0.05,10.75
1262,2014-07-14,1.9,5.6000000000000005,3.6500000000000004
1263,2014-07-15,0.05,5.2,8.25
1264,2014-07-16,0.1,3.3499999999999996,0.7
1265,2014-07-17,0.05,14.7,0.4
1266,2014-07-18,0.0,14.15,0.25
1267,2014-07-19,0.85,0.55,0.05
1268,2014-07-20,0.15,1.8,0.0
1269,2014-07-21,0.0,0.45,0.0
1270,2014-07-22,0.0,0.0,1.9
1271,2014-07-23,0.0,2.05,1.6500000000000001
1272,2014-07-24,0.0,1.7,0.0
1273,2014-07-25,0.5,0.45,1.05
1274,2014-07-26,1.5,0.1,0.65
1275,2014-07-27,0.75,0.0,7.7
1276,2014-07-28,0.75,0.2,0.35
1277,2014-07-29,0.0,2.25,2.05
1278,2014-07-30,0.0,0.85,2.75
1279,2014-07-31,0.0,4.6,5.3999999999999995
1280,2014-08-01,0.0,11.45,10.0
1281,2014-08-02,4.3,0.1,0.3
1282,2014-08-03,18.5,0.15,5.2
1283,2014-08-04,0.75,0.75,17.35
1284,2014-08-05,0.0,0.8,1.4500000000000002
1285,2014-08-06,0.0,0.2,0.0
1286,2014-08-07,0.0,0.4,0.0
1287,2014-08-08,0.0,0.7,0.0
1288,2014-08-09,0.0,2.85,0.0
1289,2014-08-10,0.0,1.1,1.35
1290,2014-08-11,0.25,3.95,27.0
1291,2014-08-12,0.05,4.75,5.7
1292,2014-08-13,0.0,0.0,0.05
1293,2014-08-14,0.0,0.05,0.0
1294,2014-08-15,0.0,2.1,0.0
1295,2014-08-16,0.0,0.1,1.5499999999999998
1296,2014-08-17,0.0,18.200000000000003,5.8
1297,2014-08-18,0.0,5.55,20.6
1298,2014-08-19,0.25,0.55,14.9
1299,2014-08-20,1.2,1.15,4.9
1300,2014-08-21,0.05,1.4000000000000001,3.75
1301,2014-08-22,0.0,0.3,5.25
1302,2014-08-23,0.0,0.0,1.45
1303,2014-08-24,0.0,0.0,2.0
1304,2014-08-25,0.0,0.05,6.8
1305,2014-08-26,1.4,5.1000000000000005,10.65
1306,2014-08-27,0.0,0.1,0.1
1307,2014-08-28,0.0,4.85,1.55
1308,2014-08-29,0.0,9.25,23.450000000000003
1309,2014-08-30,0.0,1.75,17.4
1310,2014-08-31,0.0,1.2,4.1
1311,2014-09-01,0.0,1.9,13.850000000000001
1312,2014-09-02,0.0,5.7,0.8500000000000001
1313,2014-09-03,0.05,1.75,4.35
1314,2014-09-04,0.0,2.05,18.4
1315,2014-09-05,0.0,5.8,4.75
1316,2014-09-06,0.0,14.75,0.0
1317,2014-09-07,7.8500000000000005,6.35,0.0
1318,2014-09-08,4.75,4.95,0.1
1319,2014-09-09,0.3,0.95,2.05
1320,2014-09-10,0.0,1.5499999999999998,10.0
1321,2014-09-11,0.0,6.45,0.0
1322,2014-09-12,0.0,13.25,0.3
1323,2014-09-13,0.05,4.1,1.85
1324,2014-09-14,0.0,0.05,0.15
1325,2014-09-15,0.0,0.35,1.5
1326,2014-09-16,0.0,10.450000000000001,0.0
1327,2014-09-17,0.0,9.6,0.25
1328,2014-09-18,0.0,17.099999999999998,0.3
1329,2014-09-19,0.2,7.45,4.0
1330,2014-09-20,0.0,3.25,13.8
1331,2014-09-21,0.05,0.2,2.75
1332,2014-09-22,0.0,2.65,0.0
1333,2014-09-23,0.0,0.1,0.0
1334,2014-09-24,0.0,0.0,0.8
1335,2014-09-25,1.5,2.6,0.1
1336,2014-09-26,0.0,0.85,0.0
1337,2014-09-27,0.0,0.75,0.9
1338,2014-09-28,0.30000000000000004,0.35,1.1
1339,2014-09-29,0.0,0.0,0.9
1340,2014-09-30,0.0,0.85,0.25
1341,2014-10-01,0.0,0.6,9.299999999999999
1342,2014-10-02,0.0,4.45,6.25
1343,2014-10-03,0.0,4.5,20.8
1344,2014-10-04,0.0,0.0,5.55
1345,2014-10-05,0.0,0.8,0.1
1346,2014-10-06,0.0,5.25,0.95
1347,2014-10-07,0.0,0.0,0.9
1348,2014-10-08,0.0,0.5,0.05
1349,2014-10-09,0.2,0.7,0.0
1350,2014-10-10,0.15,7.4,0.0
1351,2014-10-11,0.0,6.85,0.0
1352,2014-10-12,0.05,3.5,0.45
1353,2014-10-13,0.0,13.9,8.8
1354,2014-10-14,0.0,0.0,9.1
1355,2014-10-15,0.0,0.0,1.6
1356,2014-10-16,0.1,0.0,0.2
1357,2014-10-17,0.05,0.0,0.35
1358,2014-10-18,0.1,0.1,2.2
1359,2014-10-19,0.0,0.2,0.15
1360,2014-10-20,0.0,0.0,2.65
1361,2014-10-21,0.0,0.0,0.4
1362,2014-10-22,0.0,0.1,0.45
1363,2014-10-23,0.0,0.05,3.3
1364,2014-10-24,0.0,0.0,0.1
1365,2014-10-25,0.0,0.0,0.0
1366,2014-10-26,0.0,0.0,0.4
1367,2014-10-27,0.0,0.0,4.05
1368,2014-10-28,0.0,0.6,0.65
1369,2014-10-29,0.0,4.6,0.05
1370,2014-10-30,0.0,1.05,0.1
1371,2014-10-31,0.65,0.0,0.8
1372,2014-11-01,4.6,0.0,0.2
1373,2014-11-02,0.2,0.0,0.0
1374,2014-11-03,0.0,0.05,1.2
1375,2014-11-04,0.0,15.35,2.5999999999999996
1376,2014-11-05,0.0,11.25,3.8
1377,2014-11-06,0.0,7.85,2.2
1378,2014-11-07,0.0,0.0,2.3
1379,2014-11-08,0.0,0.0,1.7000000000000002
1380,2014-11-09,0.0,0.0,1.75
1381,2014-11-10,0.05,0.0,14.45
1382,2014-11-11,1.55,0.7,6.25
1383,2014-11-12,1.1,0.0,0.2
1384,2014-11-13,0.2,1.15,0.5
1385,2014-11-14,0.5,0.0,0.0
1386,2014-11-15,0.1,1.3,1.7
1387,2014-11-16,0.0,2.15,1.7
1388,2014-11-17,0.0,0.05,0.35
1389,2014-11-18,0.0,0.0,0.6
1390,2014-11-19,0.0,0.0,2.45
1391,2014-11-20,0.0,1.5,0.55
1392,2014-11-21,2.15,1.4,0.0
1393,2014-11-22,0.0,9.600000000000001,0.3
1394,2014-11-23,0.0,0.0,3.3
1395,2014-11-24,0.0,0.0,1.95
1396,2014-11-25,0.0,0.0,0.0
1397,2014-11-26,0.0,0.0,0.65
1398,2014-11-27,0.0,0.0,0.05
1399,2014-11-28,0.0,0.0,1.2
1400,2014-11-29,0.0,0.05,0.1
1401,2014-11-30,0.95,0.05,0.25
1402,2014-12-01,0.0,0.4,0.0
1403,2014-12-02,7.5,0.0,0.1
1404,2014-12-03,2.05,0.0,0.0
1405,2014-12-04,1.95,0.3,0.0
1406,2014-12-05,0.05,0.25,0.05
1407,2014-12-06,0.0,0.2,0.0
1408,2014-12-07,0.0,0.05,0.2
1409,2014-12-08,0.0,0.0,2.15
1410,2014-12-09,0.0,0.0,0.2
1411,2014-12-10,0.0,0.0,0.0
1412,2014-12-11,0.0,0.05,0.0
1413,2014-12-12,17.650000000000002,1.25,0.0
1414,2014-12-13,0.35,0.39999999999999997,0.25
1415,2014-12-14,0.0,2.1,0.35
1416,2014-12-15,0.0,0.05,1.6500000000000001
1417,2014-12-16,0.1,0.0,0.1
1418,2014-12-17,1.0,1.1500000000000001,0.05
1419,2014-12-18,0.0,0.4,0.0
1420,2014-12-19,0.0,5.1,0.0
1421,2014-12-20,0.0,0.05,0.0
1422,2014-12-21,0.0,0.0,1.3
1423,2014-12-22,0.0,0.0,1.75
1424,2014-12-23,0.0,0.2,2.45
1425,2014-12-24,0.0,0.0,0.2
1426,2014-12-25,0.1,0.0,0.1
1427,2014-12-26,0.0,0.05,0.4
1428,2014-12-27,0.0,1.2000000000000002,1.05
1429,2014-12-28,0.0,2.55,0.0
1430,2014-12-29,0.0,0.0,0.0
1431,2014-12-30,2.1,0.1,0.0
1432,2014-12-31,0.45,0.5,0.0
1433,2015-01-01,0.0,12.65,0.6
1434,2015-01-02,0.0,4.95,0.0
1435,2015-01-03,0.0,5.1,3.0
1436,2015-01-04,0.0,0.0,3.9
1437,2015-01-05,0.0,0.0,1.05
1438,2015-01-06,0.0,0.0,1.8
1439,2015-01-07,0.0,0.15000000000000002,0.0
1440,2015-01-08,1.0,0.0,3.3
1441,2015-01-09,0.1,4.45,0.2
1442,2015-01-10,1.25,4.55,0.25
1443,2015-01-11,6.3500000000000005,1.45,0.0
1444,2015-01-12,0.1,0.0,0.05
1445,2015-01-13,0.0,0.1,0.05
1446,2015-01-14,0.0,0.6,0.3
1447,2015-01-15,0.0,0.3,0.25
1448,2015-01-16,0.0,0.0,0.30000000000000004
1449,2015-01-17,0.0,0.0,0.2
1450,2015-01-18,0.0,0.0,0.6000000000000001
1451,2015-01-19,0.0,0.0,0.75
1452,2015-01-20,0.15000000000000002,0.0,1.15
1453,2015-01-21,0.1,4.4,2.15
1454,2015-01-22,0.0,27.75,0.05
1455,2015-01-23,0.0,0.95,0.05
1456,2015-01-24,0.0,0.0,0.44999999999999996
1457,2015-01-25,0.0,0.0,2.0
1458,2015-01-26,5.9,0.0,2.5
1459,2015-01-27,0.35,0.0,0.15000000000000002
1460,2015-01-28,0.0,0.0,0.25
1461,2015-01-29,0.1,0.0,0.7
1462,2015-01-30,0.55,0.0,0.0
1463,2015-01-31,0.15,4.5,0.35
1464,2015-02-01,0.0,1.9,13.7
1465,2015-02-02,0.0,0.0,1.6
1466,2015-02-03,0.0,8.1,1.35
1467,2015-02-04,0.0,1.8,0.55
1468,2015-02-05,0.0,0.0,0.0
1469,2015-02-06,0.0,0.0,0.0
1470,2015-02-07,0.0,0.05,0.15
1471,2015-02-08,0.0,0.05,0.55
1472,2015-02-09,0.0,0.0,0.6000000000000001
1473,2015-02-10,0.0,0.0,1.8
1474,2015-02-11,0.0,0.0,1.3
1475,2015-02-12,0.0,0.1,0.4
1476,2015-02-13,0.0,0.0,0.3
1477,2015-02-14,0.0,0.0,0.35
1478,2015-02-15,0.0,2.9000000000000004,0.05
1479,2015-02-16,0.0,1.85,0.35
1480,2015-02-17,0.0,0.4,0.44999999999999996
1481,2015-02-18,0.0,0.25,0.35
1482,2015-02-19,0.0,0.0,0.0
1483,2015-02-20,0.0,0.30000000000000004,2.0
1484,2015-02-21,0.1,0.4,0.65
1485,2015-02-22,5.3,6.95,0.05
1486,2015-02-23,4.75,2.15,0.0
1487,2015-02-24,0.0,0.1,0.2
1488,2015-02-25,0.0,3.9499999999999997,1.0
1489,2015-02-26,0.0,1.6,1.05
1490,2015-02-27,0.15000000000000002,2.0,0.0
1491,2015-02-28,0.95,1.25,0.0
1492,2015-03-01,4.9,1.7999999999999998,0.15000000000000002
1493,2015-03-02,3.35,0.75,0.05
1494,2015-03-03,0.1,1.4,6.2
1495,2015-03-04,0.0,5.3999999999999995,0.2
1496,2015-03-05,0.0,1.45,0.0
1497,2015-03-06,0.0,0.0,0.0
1498,2015-03-07,0.0,0.0,0.0
1499,2015-03-08,0.0,12.15,0.0
1500,2015-03-09,0.0,46.050000000000004,0.0
1501,2015-03-10,0.2,1.35,1.05
1502,2015-03-11,0.4,1.45,0.8500000000000001
1503,2015-03-12,0.0,0.25,1.2
1504,2015-03-13,0.0,0.4,0.65
1505,2015-03-14,0.0,0.39999999999999997,0.15000000000000002
1506,2015-03-15,0.15,0.6000000000000001,0.8500000000000001
1507,2015-03-16,0.1,0.5,0.7000000000000001
1508,2015-03-17,1.15,0.1,0.45
1509,2015-03-18,0.25,0.4,0.55
1510,2015-03-19,2.3499999999999996,0.6,0.30000000000000004
1511,2015-03-20,0.2,10.7,0.4
1512,2015-03-21,0.0,30.55,0.0
1513,2015-03-22,0.0,5.5,0.4
1514,2015-03-23,0.0,0.0,6.35
1515,2015-03-24,0.0,0.0,0.0
1516,2015-03-25,0.0,0.0,6.0
1517,2015-03-26,0.0,2.7,0.25
1518,2015-03-27,0.0,0.0,0.0
1519,2015-03-28,0.0,0.0,0.0
1520,2015-03-29,0.0,0.0,2.15
1521,2015-03-30,0.0,0.1,1.1
1522,2015-03-31,0.0,0.15,0.1
1523,2015-04-01,0.0,5.35,1.15
1524,2015-04-02,0.0,0.5,2.9
1525,2015-04-03,0.0,1.35,0.45
1526,2015-04-04,0.0,1.35,0.1
1527,2015-04-05,0.0,1.4,0.6
1528,2015-04-06,0.05,0.1,2.9
1529,2015-04-07,0.6,0.44999999999999996,5.8
1530,2015-04-08,0.0,1.15,5.0
1531,2015-04-09,0.0,1.25,19.6
1532,2015-04-10,0.0,4.2,8.25
1533,2015-04-11,0.0,4.35,0.0
1534,2015-04-12,0.0,5.7,0.3
1535,2015-04-13,0.85,0.55,0.6
1536,2015-04-14,0.1,1.3,2.25
1537,2015-04-15,0.0,0.45,2.25
1538,2015-04-16,0.0,8.55,0.0
1539,2015-04-17,0.0,16.1,0.05
1540,2015-04-18,0.0,3.25,0.0
1541,2015-04-19,0.0,1.0,10.8
1542,2015-04-20,0.0,0.75,17.4
1543,2015-04-21,0.7,1.65,1.0
1544,2015-04-22,0.3,1.4,0.25
1545,2015-04-23,1.0,0.8,0.0
1546,2015-04-24,0.35,6.7,5.8
1547,2015-04-25,2.4,2.35,2.2
1548,2015-04-26,0.0,0.5,0.0
1549,2015-04-27,0.0,5.199999999999999,0.0
1550,2015-04-28,0.0,0.4,1.2999999999999998
1551,2015-04-29,0.0,0.0,0.6
1552,2015-04-30,0.0,0.0,0.1
1553,2015-05-01,0.0,0.0,0.0
1554,2015-05-02,0.0,0.0,0.05
1555,2015-05-03,0.0,0.2,6.5
1556,2015-05-04,0.1,1.05,0.85
1557,2015-05-05,0.15,6.050000000000001,7.45
1558,2015-05-06,0.3,8.45,6.800000000000001
1559,2015-05-07,2.2,12.200000000000001,16.0
1560,2015-05-08,3.0,10.45,7.95
1561,2015-05-09,0.05,8.95,12.6
1562,2015-05-10,0.0,25.05,1.3
1563,2015-05-11,0.0,14.05,8.2
1564,2015-05-12,0.0,23.8,0.15
1565,2015-05-13,0.05,17.05,0.0
1566,2015-05-14,4.1,6.5,9.049999999999999
1567,2015-05-15,5.7,8.85,4.35
1568,2015-05-16,0.3,1.35,0.65
1569,2015-05-17,0.0,3.3499999999999996,5.65
1570,2015-05-18,0.2,14.700000000000001,0.15
1571,2015-05-19,0.05,8.2,0.1
1572,2015-05-20,0.0,11.65,1.0
1573,2015-05-21,0.44999999999999996,5.3,0.4
1574,2015-05-22,1.95,6.3,0.55
1575,2015-05-23,0.05,8.649999999999999,0.25
1576,2015-05-24,0.1,34.3,12.0
1577,2015-05-25,0.0,25.5,9.3
1578,2015-05-26,0.0,4.55,6.949999999999999
1579,2015-05-27,0.0,7.1,7.55
1580,2015-05-28,0.1,19.4,0.35
1581,2015-05-29,0.0,5.45,8.55
1582,2015-05-30,0.1,11.95,10.75
1583,2015-05-31,0.0,4.25,0.0
1584,2015-06-01,0.1,0.0,0.0
1585,2015-06-02,0.0,0.5,0.0
1586,2015-06-03,0.0,0.0,11.45
1587,2015-06-04,0.0,0.0,2.6
1588,2015-06-05,0.0,0.6,0.0
1589,2015-06-06,0.0,0.0,0.0
1590,2015-06-07,0.0,0.0,10.7
1591,2015-06-08,0.0,0.0,6.75
1592,2015-06-09,0.95,0.05,0.0
1593,2015-06-10,0.0,0.0,0.45
1594,2015-06-11,0.1,0.6,11.2
1595,2015-06-12,0.7000000000000001,3.5,7.6
1596,2015-06-13,0.6,2.4,10.450000000000001
1597,2015-06-14,0.15,7.05,4.35
1598,2015-06-15,0.0,9.7,13.5
1599,2015-06-16,0.0,27.6,0.6000000000000001
1600,2015-06-17,0.0,21.25,2.9
1601,2015-06-18,0.0,4.1,4.4
1602,2015-06-19,0.0,1.85,0.1
1603,2015-06-20,0.0,14.200000000000001,3.4
1604,2015-06-21,0.0,15.450000000000001,1.55
1605,2015-06-22,0.0,0.05,5.25
1606,2015-06-23,0.0,3.9,0.05
1607,2015-06-24,0.0,3.25,0.0
1608,2015-06-25,0.0,2.0,5.55
1609,2015-06-26,1.7,2.85,4.25
1610,2015-06-27,1.3,12.3,1.5499999999999998
1611,2015-06-28,4.0,7.4,8.600000000000001
1612,2015-06-29,3.05,2.2,2.4
1613,2015-06-30,1.8,3.6,1.6
1614,2015-07-01,6.65,2.15,0.0
1615,2015-07-02,1.75,0.0,0.0
1616,2015-07-03,0.0,0.8999999999999999,0.0
1617,2015-07-04,0.0,0.3,0.1
1618,2015-07-05,0.0,1.6,0.0
1619,2015-07-06,0.2,2.6999999999999997,18.95
1620,2015-07-07,0.05,11.85,8.15
1621,2015-07-08,0.15,18.95,0.5
1622,2015-07-09,0.35,0.45,0.75
1623,2015-07-10,0.0,0.15,0.1
1624,2015-07-11,0.0,0.05,0.4
1625,2015-07-12,0.0,0.0,0.25
1626,2015-07-13,0.0,0.0,7.5
1627,2015-07-14,0.0,0.0,3.15
1628,2015-07-15,0.0,0.0,1.35
1629,2015-07-16,0.0,0.15,5.2
1630,2015-07-17,0.0,0.3,5.05
1631,2015-07-18,13.1,0.0,1.75
1632,2015-07-19,7.95,0.15,0.3
1633,2015-07-20,0.75,0.0,0.3
1634,2015-07-21,0.05,0.75,0.15
1635,2015-07-22,0.2,0.05,0.0
1636,2015-07-23,0.0,0.0,0.0
1637,2015-07-24,0.0,0.1,0.95
1638,2015-07-25,0.0,0.05,1.4
1639,2015-07-26,0.0,0.1,0.1
1640,2015-07-27,0.0,0.0,0.0
1641,2015-07-28,0.0,0.0,9.700000000000001
1642,2015-07-29,0.7,0.0,1.4500000000000002
1643,2015-07-30,12.55,0.0,0.0
1644,2015-07-31,0.1,1.0,0.0
1645,2015-08-01,0.1,0.0,0.15000000000000002
1646,2015-08-02,0.05,0.0,6.5
1647,2015-08-03,0.0,0.0,3.05
1648,2015-08-04,0.0,0.45,0.0
1649,2015-08-05,0.0,0.3,0.0
1650,2015-08-06,1.35,0.05,5.699999999999999
1651,2015-08-07,0.0,0.05,15.600000000000001
1652,2015-08-08,0.0,0.0,0.1
1653,2015-08-09,0.0,0.1,22.75
1654,2015-08-10,0.1,0.0,2.5
1655,2015-08-11,0.1,0.15,0.1
1656,2015-08-12,0.0,1.5,0.15
1657,2015-08-13,0.55,2.8,1.2999999999999998
1658,2015-08-14,0.6,1.85,0.2
1659,2015-08-15,1.15,0.45,0.55
1660,2015-08-16,0.0,0.45,3.55
1661,2015-08-17,0.0,1.15,15.549999999999999
1662,2015-08-18,0.05,0.45,31.75
1663,2015-08-19,0.05,5.8999999999999995,5.5
1664,2015-08-20,0.1,14.75,0.8
1665,2015-08-21,0.1,3.5,0.0
1666,2015-08-22,0.1,0.15,3.25
1667,2015-08-23,0.0,0.1,11.95
1668,2015-08-24,0.0,1.45,0.1
1669,2015-08-25,2.3499999999999996,10.75,0.0
1670,2015-08-26,0.0,4.25,0.05
1671,2015-08-27,0.15,0.0,0.0
1672,2015-08-28,0.7,0.0,2.6
1673,2015-08-29,0.0,0.85,22.9
1674,2015-08-30,0.0,0.5,0.0
1675,2015-08-31,0.05,2.55,0.35
1676,2015-09-01,0.1,1.05,2.0
1677,2015-09-02,0.1,4.3,2.3
1678,2015-09-03,0.0,4.75,1.2
1679,2015-09-04,0.1,6.65,2.75
1680,2015-09-05,0.15000000000000002,1.2,1.45
1681,2015-09-06,0.0,0.65,0.8999999999999999
1682,2015-09-07,0.15000000000000002,0.9500000000000001,1.7
1683,2015-09-08,1.5,2.55,9.45
1684,2015-09-09,3.6,3.1500000000000004,0.6
1685,2015-09-10,1.9,13.95,1.65
1686,2015-09-11,0.35,9.8,2.1
1687,2015-09-12,0.55,0.05,0.1
1688,2015-09-13,0.0,0.0,0.0
1689,2015-09-14,0.1,0.0,0.0
1690,2015-09-15,5.050000000000001,2.8499999999999996,0.95
1691,2015-09-16,0.15,1.2999999999999998,5.6
1692,2015-09-17,0.0,0.5,0.5
1693,2015-09-18,0.0,1.15,2.05
1694,2015-09-19,0.0,0.75,1.25
1695,2015-09-20,0.55,0.2,1.65
1696,2015-09-21,0.0,0.75,0.0
1697,2015-09-22,0.2,0.9,0.1
1698,2015-09-23,0.0,0.0,8.05
1699,2015-09-24,0.0,0.1,7.65
1700,2015-09-25,0.0,3.8,0.0
1701,2015-09-26,0.0,2.9,0.0
1702,2015-09-27,0.0,0.7,0.3
1703,2015-09-28,0.0,6.199999999999999,4.85
1704,2015-09-29,0.0,1.15,8.35
1705,2015-09-30,0.0,0.75,0.0
1706,2015-10-01,0.0,0.0,0.0
1707,2015-10-02,0.0,0.0,0.0
1708,2015-10-03,0.05,0.0,0.0
1709,2015-10-04,4.95,0.0,0.6
1710,2015-10-05,2.3,0.0,0.2
1711,2015-10-06,0.35,0.0,0.1
1712,2015-10-07,0.0,0.0,0.3
1713,2015-10-08,0.0,0.0,2.95
1714,2015-10-09,0.0,0.95,0.4
1715,2015-10-10,0.0,0.15000000000000002,0.0
1716,2015-10-11,0.0,0.0,0.0
1717,2015-10-12,2.15,0.0,0.6499999999999999
1718,2015-10-13,1.55,0.15,0.0
1719,2015-10-14,1.15,0.0,0.0
1720,2015-10-15,2.35,0.0,0.2
1721,2015-10-16,3.9000000000000004,0.0,0.0
1722,2015-10-17,0.15,0.0,0.0
1723,2015-10-18,0.55,0.0,0.0
1724,2015-10-19,0.85,0.0,0.05
1725,2015-10-20,1.1,0.2,1.35
1726,2015-10-21,0.0,2.1,1.2000000000000002
1727,2015-10-22,0.0,20.55,0.0
1728,2015-10-23,0.0,9.15,0.0
1729,2015-10-24,0.15000000000000002,0.9500000000000001,1.5499999999999998
1730,2015-10-25,0.0,16.55,0.05
1731,2015-10-26,0.0,0.0,0.8
1732,2015-10-27,0.0,0.0,2.55
1733,2015-10-28,0.0,0.0,14.0
1734,2015-10-29,0.0,0.0,1.5
1735,2015-10-30,0.0,34.1,0.15
1736,2015-10-31,0.0,17.4,18.7
1737,2015-11-01,0.0,1.5,0.05
1738,2015-11-02,1.75,0.0,0.05
1739,2015-11-03,1.3,0.0,0.0
1740,2015-11-04,0.6000000000000001,0.2,0.0
1741,2015-11-05,0.0,8.8,0.7000000000000001
1742,2015-11-06,0.0,5.05,4.8999999999999995
1743,2015-11-07,0.0,4.8999999999999995,0.0
1744,2015-11-08,0.0,0.05,0.0
1745,2015-11-09,0.1,0.0,0.0
1746,2015-11-10,0.35,0.25,0.0
1747,2015-11-11,0.0,3.65,19.8
1748,2015-11-12,0.0,1.9,19.849999999999998
1749,2015-11-13,0.0,0.0,0.05
1750,2015-11-14,0.0,0.0,0.0
1751,2015-11-15,1.45,1.0,0.0
1752,2015-11-16,0.3,4.949999999999999,3.3
1753,2015-11-17,0.0,13.8,9.05
1754,2015-11-18,0.0,0.0,10.6
1755,2015-11-19,0.0,0.0,0.0
1756,2015-11-20,0.0,0.0,0.3
1757,2015-11-21,0.0,6.95,11.15
1758,2015-11-22,0.0,0.0,0.2
1759,2015-11-23,0.0,0.0,0.75
1760,2015-11-24,0.05,0.0,0.0
1761,2015-11-25,0.44999999999999996,0.95,0.55
1762,2015-11-26,0.25,16.9,10.75
1763,2015-11-27,2.7,42.050000000000004,16.4
1764,2015-11-28,0.0,10.15,0.0
1765,2015-11-29,0.0,5.2,0.0
1766,2015-11-30,0.0,0.39999999999999997,6.75
1767,2015-12-01,0.0,0.65,6.85
1768,2015-12-02,0.0,0.05,1.8499999999999999
1769,2015-12-03,0.0,0.0,0.05
1770,2015-12-04,0.0,0.0,0.0
1771,2015-12-05,0.0,0.0,0.0
1772,2015-12-06,0.0,0.0,0.0
1773,2015-12-07,0.0,0.0,0.0
1774,2015-12-08,0.0,0.0,2.7
1775,2015-12-09,0.0,0.0,0.05
1776,2015-12-10,0.05,0.0,1.3
1777,2015-12-11,2.2,0.05,0.0
1778,2015-12-12,0.0,10.15,1.0999999999999999
1779,2015-12-13,1.75,16.15,10.55
1780,2015-12-14,0.35,0.0,40.3
1781,2015-12-15,0.0,0.95,0.0
1782,2015-12-16,0.0,1.0,3.75
1783,2015-12-17,0.1,0.0,0.35
1784,2015-12-18,0.5,0.6,0.2
1785,2015-12-19,0.75,1.7,0.65
1786,2015-12-20,0.0,0.15000000000000002,1.5
1787,2015-12-21,0.0,0.3,13.65
1788,2015-12-22,4.35,0.35,0.15000000000000002
1789,2015-12-23,0.1,1.5,19.2
1790,2015-12-24,0.0,0.5,1.7999999999999998
1791,2015-12-25,0.55,0.35,0.0
1792,2015-12-26,0.0,21.6,6.75
1793,2015-12-27,0.0,22.099999999999998,0.3
1794,2015-12-28,0.0,0.25,0.1
1795,2015-12-29,0.0,0.05,2.8
1796,2015-12-30,0.0,1.2,0.3
1797,2015-12-31,0.0,0.05,0.2
1798,2016-01-01,0.0,1.2,0.1
1799,2016-01-02,0.0,5.5,0.05
1800,2016-01-03,0.0,6.1,0.15
1801,2016-01-04,0.05,0.2,0.25
1802,2016-01-05,34.900000000000006,0.0,0.0
1803,2016-01-06,18.9,9.75,0.3
1804,2016-01-07,12.25,4.15,2.3
1805,2016-01-08,0.0,0.15,5.05
1806,2016-01-09,0.15,0.15000000000000002,3.0999999999999996
1807,2016-01-10,0.2,0.0,0.85
1808,2016-01-11,0.0,0.0,1.0
1809,2016-01-12,0.0,0.0,0.65
1810,2016-01-13,0.0,0.0,0.30000000000000004
1811,2016-01-14,0.0,0.1,0.35
1812,2016-01-15,0.05,0.0,0.7
1813,2016-01-16,0.0,0.9,0.1
1814,2016-01-17,0.0,0.0,0.0
1815,2016-01-18,0.0,0.0,0.0
1816,2016-01-19,0.05,0.0,0.0
1817,2016-01-20,0.0,0.2,0.35
1818,2016-01-21,0.0,1.65,0.1
1819,2016-01-22,0.0,0.0,0.65
1820,2016-01-23,0.0,0.0,0.25
1821,2016-01-24,0.0,0.0,0.5
1822,2016-01-25,0.0,0.35,1.45
1823,2016-01-26,0.0,2.35,1.65
1824,2016-01-27,0.0,0.4,0.05
1825,2016-01-28,0.0,0.0,0.4
1826,2016-01-29,0.0,0.0,0.05
1827,2016-01-30,0.2,0.0,0.8
1828,2016-01-31,35.400000000000006,0.15,8.200000000000001
1829,2016-02-01,0.45,0.35,0.0
1830,2016-02-02,0.0,0.15000000000000002,12.3
1831,2016-02-03,0.0,0.0,4.15
1832,2016-02-04,0.0,0.0,0.8
1833,2016-02-05,0.0,0.0,0.05
1834,2016-02-06,0.0,0.45,0.3
1835,2016-02-07,0.0,0.0,0.65
1836,2016-02-08,0.0,0.0,2.95
1837,2016-02-09,0.0,0.0,1.5999999999999999
1838,2016-02-10,0.0,0.0,0.15
1839,2016-02-11,0.0,0.0,0.0
1840,2016-02-12,0.0,0.0,0.05
1841,2016-02-13,0.0,0.0,0.0
1842,2016-02-14,0.0,0.0,2.05
1843,2016-02-15,0.0,0.4,0.5
1844,2016-02-16,0.0,0.0,1.35
1845,2016-02-17,0.7,0.0,0.05
1846,2016-02-18,1.4,0.0,0.55
1847,2016-02-19,0.0,0.0,3.0500000000000003
1848,2016-02-20,0.0,0.15,0.05
1849,2016-02-21,0.0,2.5,0.25
1850,2016-02-22,0.0,6.45,0.1
1851,2016-02-23,0.0,36.5,2.7
1852,2016-02-24,0.0,0.0,0.75
1853,2016-02-25,0.0,0.0,0.6
1854,2016-02-26,0.0,0.0,0.15
1855,2016-02-27,0.0,0.0,0.0
1856,2016-02-28,0.0,0.15,0.95
1857,2016-02-29,0.0,0.25,0.15
1858,2016-03-01,0.0,0.1,8.2
1859,2016-03-02,0.0,0.0,0.0
1860,2016-03-03,0.0,0.25,0.4
1861,2016-03-04,0.0,0.0,3.6500000000000004
1862,2016-03-05,0.0,0.0,0.5
1863,2016-03-06,6.7,0.2,0.0
1864,2016-03-07,7.25,15.45,0.55
1865,2016-03-08,0.0,24.5,1.3
1866,2016-03-09,0.0,15.65,3.4
1867,2016-03-10,0.0,12.65,0.0
1868,2016-03-11,7.1499999999999995,8.100000000000001,0.0
1869,2016-03-12,0.1,4.15,0.05
1870,2016-03-13,0.0,0.0,9.25
1871,2016-03-14,0.2,0.0,2.6
1872,2016-03-15,0.0,0.0,6.1499999999999995
1873,2016-03-16,0.0,0.4,15.45
1874,2016-03-17,0.0,1.2000000000000002,0.9500000000000001
1875,2016-03-18,0.0,2.1,1.6500000000000001
1876,2016-03-19,0.0,0.0,0.95
1877,2016-03-20,0.0,0.0,0.0
1878,2016-03-21,0.0,0.0,0.0
1879,2016-03-22,0.0,0.05,0.25
1880,2016-03-23,0.0,2.4,10.25
1881,2016-03-24,0.0,1.9,10.25
1882,2016-03-25,0.0,0.0,0.05
1883,2016-03-26,0.0,0.0,4.5
1884,2016-03-27,0.0,0.7,13.05
1885,2016-03-28,0.55,0.0,0.3
1886,2016-03-29,1.15,1.25,0.05
1887,2016-03-30,0.5,1.3,16.05
1888,2016-03-31,0.15,0.25,3.55
1889,2016-04-01,0.0,2.55,3.35
1890,2016-04-02,0.0,0.0,1.05
1891,2016-04-03,0.0,0.0,0.35
1892,2016-04-04,0.0,0.0,1.05
1893,2016-04-05,0.0,0.0,4.05
1894,2016-04-06,0.0,0.05,20.0
1895,2016-04-07,1.9,0.0,1.2999999999999998
1896,2016-04-08,5.15,0.0,2.75
1897,2016-04-09,3.1,1.3,0.55
1898,2016-04-10,1.25,0.45,2.95
1899,2016-04-11,1.4000000000000001,5.65,0.9
1900,2016-04-12,0.0,0.5,0.0
1901,2016-04-13,0.85,0.55,0.6
1902,2016-04-14,0.1,1.3,2.25
1903,2016-04-15,0.05,0.6,3.5
1904,2016-04-16,0.0,1.8499999999999999,0.6
1905,2016-04-17,0.0,3.5,0.85
1906,2016-04-18,0.25,0.8999999999999999,2.05
1907,2016-04-19,0.2,0.1,3.5
1908,2016-04-20,0.0,1.05,3.2
1909,2016-04-21,0.0,4.15,6.1
1910,2016-04-22,0.0,0.4,0.1
1911,2016-04-23,0.0,0.0,0.1
1912,2016-04-24,0.0,6.25,3.25
1913,2016-04-25,3.5,0.25,23.049999999999997
1914,2016-04-26,0.0,0.75,2.5500000000000003
1915,2016-04-27,0.0,0.3,2.9000000000000004
1916,2016-04-28,0.35,1.5,9.85
1917,2016-04-29,0.05,16.0,0.95
1918,2016-04-30,1.0,2.3499999999999996,8.65
1919,2016-05-01,1.8,2.6,1.7
1920,2016-05-02,0.1,5.4,2.5
1921,2016-05-03,0.0,0.0,0.8
1922,2016-05-04,0.0,0.0,1.2
1923,2016-05-05,1.4,0.0,0.0
1924,2016-05-06,2.2,0.0,0.0
1925,2016-05-07,0.5,0.0,0.35
1926,2016-05-08,0.0,1.1,0.0
1927,2016-05-09,0.0,4.5,0.6
1928,2016-05-10,0.2,1.65,16.200000000000003
1929,2016-05-11,0.0,0.6,2.7
1930,2016-05-12,0.0,1.65,5.3
1931,2016-05-13,0.0,7.1,8.05
1932,2016-05-14,0.15,10.75,3.5
1933,2016-05-15,0.2,6.95,0.1
1934,2016-05-16,0.0,8.4,4.9
1935,2016-05-17,1.55,0.8500000000000001,2.3
1936,2016-05-18,0.0,2.4499999999999997,0.0
1937,2016-05-19,0.0,0.6,2.05
1938,2016-05-20,0.0,1.9,2.5999999999999996
1939,2016-05-21,0.0,1.05,1.0499999999999998
1940,2016-05-22,0.0,7.6499999999999995,0.0
1941,2016-05-23,0.0,4.35,17.3
1942,2016-05-24,0.15,0.65,21.35
1943,2016-05-25,0.3,0.5,31.450000000000003
1944,2016-05-26,0.0,2.3,0.9
1945,2016-05-27,0.0,36.050000000000004,7.949999999999999
1946,2016-05-28,0.0,27.7,11.8
1947,2016-05-29,0.35,4.8999999999999995,2.6500000000000004
1948,2016-05-30,0.1,0.2,0.7
1949,2016-05-31,0.1,1.25,1.8
1950,2016-06-01,0.0,8.75,2.95
1951,2016-06-02,0.0,14.399999999999999,0.1
1952,2016-06-03,0.0,11.4,11.200000000000001
1953,2016-06-04,0.0,12.35,15.8
1954,2016-06-05,0.0,1.2000000000000002,2.2
1955,2016-06-06,0.0,1.55,2.75
1956,2016-06-07,0.0,3.9,0.5
1957,2016-06-08,0.0,3.95,0.0
1958,2016-06-09,0.0,6.75,2.2
1959,2016-06-10,0.1,1.7000000000000002,4.4
1960,2016-06-11,0.05,12.85,6.0
1961,2016-06-12,0.0,6.35,2.6999999999999997
1962,2016-06-13,0.05,5.1,9.95
1963,2016-06-14,0.0,0.5,15.95
1964,2016-06-15,0.0,0.45,50.8
1965,2016-06-16,0.0,1.1500000000000001,0.6499999999999999
1966,2016-06-17,0.0,0.0,0.0
1967,2016-06-18,0.0,0.2,0.05
1968,2016-06-19,0.55,6.949999999999999,0.0
